DriverID,DriverPhone,DriverFirstName,DriverLastName,DriverRating,DriverGender,UPI_ID,DriverAge,DriverLocation,LicenseNumber
1,5281507545,Darwin,Pifford,1.4,Male,t5210@paytm,43,Straubel,ZC82oa1494
2,4866390972,Amelina,Roly,1.1,Female,e5910@paytm,67,Gina,VQ02oe9474
3,8876555388,Ram,Malloch,1.3,Male,l5910@paytm,61,Fremont,QJ62eu1494
4,7498505547,Alden,Fyers,1.9,Male,C5110@paytm,31,Rieder,RE72gj6464
5,2801857123,Roi,Lewty,2.0,Male,R5110@paytm,59,East,YF12ww5484
6,7156783532,Dyane,Klimushev,4.3,Female,r5810@paytm,41,Forest Run,HB12ft4424
7,7958629826,Gayle,Tailby,3.1,Female,D5410@paytm,75,Waywood,XH12nv2464
8,6942138470,Mort,Tulleth,4.1,Male,P5910@paytm,71,Miller,XY02un7484
9,2157717357,Thorstein,Brandenburg,4.6,Male,q5910@paytm,71,Hoard,CD62gb1404
10,6092420908,Beale,Corradeschi,4.7,Male,A5510@paytm,82,Sycamore,ER22fd4494
11,1882841874,Annice,Graeser,1.5,Female,q5710@paytm,62,Dayton,JE52lk0454
12,7374558218,Arlin,Egglestone,2.2,Male,i5610@paytm,40,Park Meadow,CT32kt9454
13,1576894754,Donal,Bignell,4.3,Male,s5710@paytm,27,6th,CG12ez2404
14,3401561408,Rhett,Capener,3.7,Male,o5310@paytm,55,Barby,ND12vg9404
15,3825661599,Starr,Koppelmann,3.4,Female,G5810@paytm,82,Daystar,XZ12fz6484
16,4983101647,Hewe,Gatsby,3.5,Male,o5010@paytm,33,Cambridge,WW82js1494
17,1521111871,Spence,Kilalea,4.0,Male,s5610@paytm,56,Sage,EA52gc1414
18,4046406966,Sherrie,Tarling,2.1,Female,P5510@paytm,51,Eastlawn,TL92ja7414
19,1836947307,Roch,Lamborne,2.8,Female,r5410@paytm,28,Tennyson,CU92vw2474
20,1262702402,Bobbi,Kittoe,1.7,Female,l5910@paytm,19,Michigan,CS52md6484
21,8907233031,Corney,Fronczak,4.4,Male,f5910@paytm,58,Daystar,YT32ne8494
22,4774117864,Kath,Hobbert,1.3,Female,B5310@paytm,35,Huxley,ED02sm8494
23,7974523878,Jenna,Gilardone,3.6,Female,r5610@paytm,83,Lien,AB32bc0494
24,7191481309,Johan,Andrew,4.9,Male,g5310@paytm,52,Eliot,VT42gy5494
25,4854815165,Ford,Bishop,2.3,Male,n5310@paytm,74,Autumn Leaf,QN12ti0424
26,9597098582,Sofia,Crux,5.0,Female,H5310@paytm,27,Homewood,JT32kq3414
27,9234156611,Eugenius,Dyte,1.6,Male,O5710@paytm,65,Porter,LN82uw0434
28,8156679554,Drud,Oxburgh,3.6,Male,Q5010@paytm,61,Hooker,NR52vq0404
29,1537582837,Jeni,Haverty,1.2,Female,i5710@paytm,27,Pawling,CJ62dk4424
30,6067837394,Cobb,Hallbord,1.6,Male,g5610@paytm,48,Mallory,UD92lc3414
31,9015074314,Catina,Orteaux,4.2,Female,w5110@paytm,30,Dahle,VC62td7464
32,8341461681,Halie,Smales,4.2,Female,h5710@paytm,77,Montana,BA72eh4464
33,6624364206,Brendis,Upwood,1.0,Male,q5010@paytm,42,Kropf,DZ82kn2464
34,3187957993,Ree,Buttrey,1.8,Female,M5310@paytm,57,Meadow Vale,TB32lg2494
35,1672364639,Wernher,Walkey,4.3,Male,n5310@paytm,54,Lindbergh,UP72jh4484
36,8575447108,Carolann,Aleso,2.4,Female,S5910@paytm,32,Tennessee,RQ02fv0434
37,7845708330,Lexie,Tolworthy,3.5,Female,H5610@paytm,66,Lotheville,VT62wf9444
38,6919552594,Bondon,Ricca,1.4,Male,G5010@paytm,76,Oakridge,LT82kg1494
39,7631484134,Norean,Sheering,4.2,Female,L5610@paytm,22,Beilfuss,HA22vq1454
40,9635537575,Vance,Luberto,2.2,Male,R5710@paytm,71,Merchant,NK82mo9404
41,7202462219,Virgil,Mullett,2.1,Male,a5610@paytm,43,Grayhawk,LP82bz0474
42,6863929547,Gustav,Ware,1.1,Male,E5510@paytm,21,Coleman,VQ42nv6494
43,2216295547,Tailor,Itshak,4.2,Male,G5210@paytm,61,Karstens,UU32zh5414
44,8746661061,Artur,Linnit,2.9,Male,n5810@paytm,33,Erie,RY82pc8484
45,5075850300,Rab,Hankinson,1.3,Male,M5010@paytm,20,Waywood,JX92kw1494
46,7939274220,Robbyn,Danet,5.0,Female,n5910@paytm,37,Grayhawk,FH22lr8474
47,4176466142,Petr,Ridding,2.5,Male,Z5010@paytm,55,Sugar,PP72vg1484
48,7297741508,Coleman,Rozet,2.3,Male,E5510@paytm,77,Birchwood,TK72qt5454
49,3487559330,Richy,Maas,2.3,Male,v5710@paytm,60,Green,OF52br7474
50,6107927085,Octavia,Skillington,3.8,Female,H5810@paytm,81,Onsgard,UE22wx2424
51,2708285115,Erastus,Slack,1.1,Male,u5810@paytm,54,Badeau,VO12lo9434
52,8397937776,Tomasine,Alpes,3.4,Female,T5410@paytm,66,Fuller,FY82xv0424
53,8872599696,Jarad,Dumelow,4.2,Male,q5510@paytm,60,Autumn Leaf,MV42br6404
54,7607128270,Jodi,Thow,4.9,Female,e5110@paytm,59,Florence,NY82fx5404
55,9052794234,Rafferty,Davern,2.4,Male,W5210@paytm,76,Mallory,XY22zi5434
56,9318741052,Adham,Philpault,1.2,Male,z5410@paytm,64,Grover,EA02pr4474
57,5444062841,Valida,Maypole,3.1,Female,b5610@paytm,23,Cordelia,WT72iu4434
58,2966980325,Warde,Ostick,4.2,Male,N5610@paytm,24,Badeau,JY42iv1424
59,8798077242,Fulton,Dudderidge,2.7,Male,I5110@paytm,21,Kennedy,MY62ye5474
60,6138354064,Ali,Boles,1.1,Male,Q5410@paytm,56,Randy,OH62ds1464
61,7405299087,Garner,Brindley,1.7,Male,c5810@paytm,25,Gerald,ZO02vy3454
62,2874153421,Gregory,Lockhart,2.7,Male,d5210@paytm,36,Loftsgordon,VX22dm1424
63,2537938518,Melisa,Hollow,2.3,Female,o5010@paytm,83,Arapahoe,UG22lv3474
64,2811084305,Rudy,Elldred,4.9,Male,M5010@paytm,88,Hintze,AO52am5464
65,8371210153,Sharline,Clarage,4.4,Female,X5910@paytm,41,Prentice,NM52pl9484
66,5174480244,Marge,Kropach,1.5,Female,D5510@paytm,45,Troy,YT72fx9494
67,3527104239,Magdaia,Perutto,3.4,Female,F5310@paytm,36,Ilene,JO42qe7484
68,8326996157,Xever,Pollastrino,3.0,Male,h5810@paytm,65,Valley Edge,IY82qt4474
69,6943407005,Nataniel,Bernardon,4.3,Male,V5010@paytm,75,Dryden,RZ02zw9454
70,6532987547,Brose,Gartan,3.0,Male,k5110@paytm,39,Ridge Oak,JJ32ww9474
71,3095176228,Clint,Sconce,1.6,Male,x5410@paytm,19,Jackson,GP12vx7474
72,5141173942,Clotilda,Narey,4.9,Female,g5210@paytm,69,Havey,ML62bp4484
73,4871355045,Phillipp,Resdale,3.9,Male,V5910@paytm,77,Blaine,TR42jc3444
74,6966732964,Carrissa,Harmeston,2.8,Female,w5910@paytm,70,Moulton,ZC12ir3424
75,1315043337,Raymund,Renowden,1.5,Male,s5010@paytm,51,Hooker,VX12hm6464
76,6519573848,Billy,Watson-Brown,1.7,Male,r5310@paytm,38,Pankratz,UB12zg3464
77,2555027939,Hyman,Bogaert,1.3,Male,h5910@paytm,63,Dunning,EB22qf6494
78,1382750888,Tate,Heppenspall,3.3,Male,l5810@paytm,87,Crest Line,XR72js4464
79,1611485528,Wayne,Gramer,1.1,Male,J5910@paytm,65,Kim,TM72ws2434
80,2169834452,Levon,Yendle,4.9,Male,U5710@paytm,88,Sugar,ZN72oa3404
81,3878433861,Natividad,Wotton,2.5,Female,T5410@paytm,71,Heath,CL12mw1464
82,9255800567,Keeley,Danilchik,2.5,Female,y5110@paytm,33,Fairview,ZF42os8484
83,2024745620,Goldy,Isham,3.4,Female,o5110@paytm,86,Gerald,IV72jx5454
84,8728085301,Mamie,Grimmert,4.1,Female,h5610@paytm,68,Vermont,UR32sz0444
85,5881022926,Eleanor,Purrier,2.0,Female,A5210@paytm,32,Lien,TA12ru6494
86,6166619775,Florance,Lesaunier,3.9,Female,R5710@paytm,73,Clyde Gallagher,AJ92pa8484
87,6523200668,Carol-jean,Rainy,1.0,Female,j5510@paytm,41,Summerview,IQ72rl8494
88,1345788454,Gaven,Ventom,1.6,Male,g5310@paytm,19,Barnett,ZZ82qh8434
89,6462324561,Casey,Tear,3.8,Male,w5510@paytm,20,Prentice,MA32zm1414
90,6969978546,Belva,Fleetham,1.8,Female,U5710@paytm,69,Paget,OP02uf2434
91,8931523454,Federica,Jehu,1.6,Female,W5610@paytm,40,Sloan,BI52sy8424
92,3181368170,Tim,Greatrex,4.9,Female,N5210@paytm,58,2nd,QJ82qn8454
93,7215949365,Stacee,Lubbock,1.8,Male,E5410@paytm,77,Hanover,TB92lx9424
94,2933683805,Tallia,Roskruge,3.9,Female,J5410@paytm,18,Sugar,XS22zt7464
95,4198726548,Gipsy,Litchfield,1.3,Female,Q5810@paytm,53,Sheridan,OH92rq2404
96,9501481169,Sheffie,Parnaby,2.7,Male,y5710@paytm,87,Scott,AY22bo7454
97,1642975197,Daniel,Jaume,3.5,Male,W5610@paytm,53,Waubesa,ST82ha8464
98,3087017078,Anne-marie,Balbeck,3.4,Female,A5510@paytm,87,Chive,IA22hf9404
99,5244396546,Holly-anne,Swinney,1.9,Female,A5010@paytm,72,Acker,AX12pl7444
100,1705053651,Rutter,Calvey,4.4,Male,O5910@paytm,85,Cody,IB12wm3454
101,6804484230,Randa,Rosewall,3.9,Female,h5510@paytm,61,Grim,TB52zv6494
102,1703499845,Sarah,Dicey,1.8,Female,N5210@paytm,45,Merrick,IN62jg4494
103,6817801529,Adham,Cherry,4.3,Male,q5910@paytm,26,Namekagon,HV52ac3474
104,5726813323,Jada,Walton,3.4,Female,m5410@paytm,33,Waxwing,EH02fh1424
105,4472517407,Cleve,Hillen,1.6,Male,F5410@paytm,24,Caliangt,DQ42is4434
106,7811992114,Anatol,Muehler,3.2,Male,N5510@paytm,70,Welch,ZO92kl4404
107,2379477816,Cecil,Storrs,4.3,Male,j5910@paytm,27,Hudson,RU92cb5404
108,1621506193,Jackson,Garrad,3.5,Male,C5110@paytm,89,Brentwood,KJ22hz0464
109,9797038103,Deedee,Reightley,2.6,Female,K5910@paytm,57,Monument,FA82kg2424
110,1135770755,Benyamin,Gosart,1.2,Male,S5210@paytm,47,Meadow Valley,VM52io5464
111,2638146461,Davina,Simyson,4.0,Female,r5210@paytm,56,Petterle,HA92jn6484
112,1643291329,Abbie,Kinver,2.9,Male,Q5510@paytm,29,Ridge Oak,OZ72df4454
113,8078420609,Bord,Kingham,4.4,Male,O5510@paytm,41,Mcbride,AB22kc8424
114,4131654362,Julietta,Whitehair,3.3,Female,a5510@paytm,20,Bartillon,IB62ex3414
115,6009986281,Jacquetta,Balassa,3.3,Female,t5910@paytm,85,Esch,HG72zy0404
116,9313580171,Mischa,Ambridge,4.1,Male,U5410@paytm,77,Michigan,XP02yz3434
117,7263142086,Brucie,Shelly,4.3,Male,K5410@paytm,48,Weeping Birch,OZ42zg5494
118,8819344029,Codi,Kubasek,4.1,Male,w5910@paytm,37,Oneill,CP12zv0444
119,5764860972,Isaak,Ruvel,4.7,Male,z5510@paytm,76,Old Shore,PP02ft5494
120,4856006311,Kalindi,Skirving,3.3,Female,W5210@paytm,57,Oak Valley,IA52nl8464
121,7197965043,Devon,Fairbridge,2.9,Female,k5310@paytm,59,Lerdahl,FI52ma7434
122,5888488208,Elise,Casajuana,2.9,Female,r5610@paytm,43,Sycamore,RE92cm2414
123,3786943125,Muhammad,Cottill,1.0,Male,M5510@paytm,71,Dovetail,GA92df2434
124,1678612357,Garv,Dunphy,1.4,Male,s5510@paytm,52,Blaine,TF92th0454
125,6744536659,Leigha,Yeardley,4.5,Female,i5210@paytm,60,Dottie,RD22da1494
126,5228758365,Modesty,Ayling,2.2,Female,n5110@paytm,56,Mesta,IQ22te0404
127,6825573730,Richard,Beauly,1.6,Male,X5510@paytm,72,3rd,PL52yx6444
128,3621257394,Stern,Daftor,1.5,Male,U5610@paytm,70,Bay,SY32ej9494
129,3817338288,Halli,Huzzey,4.9,Female,Z5710@paytm,73,Hallows,TC92uf7494
130,9465250900,Carver,Scoone,4.4,Male,V5710@paytm,46,Toban,DY22st1454
131,7819131238,Chaddie,Oxtaby,3.7,Male,B5410@paytm,70,Rieder,CZ02st4454
132,9809025664,Yuri,Gunning,4.6,Male,S5610@paytm,44,Pleasure,GK92vk8464
133,7345237619,Antoine,Fielding,1.8,Male,D5910@paytm,77,Pepper Wood,RE32tt7414
134,3362674237,Muire,Strutton,1.6,Female,a5910@paytm,40,Swallow,VA22pm6464
135,4355119517,Allayne,Prowting,4.7,Male,E5010@paytm,67,Mitchell,HJ02xa4474
136,9361430451,Patty,Niesing,4.4,Female,V5010@paytm,62,Sloan,QW32qv6404
137,2095192674,Humberto,Smelley,2.6,Male,Q5110@paytm,85,Dovetail,MK52bs8404
138,1109553255,Otto,Eastmond,2.4,Male,q5310@paytm,85,Vidon,FL02ug9424
139,5586895668,Gradeigh,MacKartan,1.7,Male,O5410@paytm,55,Farragut,JZ82es5474
140,7632834188,Maitilde,Greenshiels,2.6,Female,A5410@paytm,39,Sheridan,KA72yh4454
141,7888688569,Leisha,Pesic,4.2,Female,e5010@paytm,81,Sundown,XI42ok1434
142,2963891052,Pen,Ashby,2.1,Male,y5710@paytm,49,Twin Pines,XA12nh8424
143,8828348371,Robbin,Rogez,1.3,Female,u5110@paytm,35,Continental,VD92ws0444
144,5896455184,Hildy,de Quincey,4.6,Female,a5510@paytm,63,Hudson,WG62ud4494
145,5617463987,Kit,Banford,1.1,Male,W5710@paytm,81,Manitowish,BP02ih3404
146,9104669322,Mallory,Till,2.7,Male,w5410@paytm,20,Mayfield,DP02ft3464
147,9719830330,Garrick,Cicerone,3.9,Male,J5810@paytm,21,Monterey,JO62rr2454
148,6025399010,Gabriella,Dotson,1.3,Female,a5610@paytm,19,Melby,EN82we7444
149,3125206658,Debra,Seaking,3.6,Female,W5110@paytm,70,Bellgrove,NB62sm9494
150,2297999050,Rhett,Platt,2.9,Male,I5310@paytm,33,Chinook,VI32lt7434
151,9411862129,Suzy,Kelle,3.2,Female,R5510@paytm,48,Crest Line,GB02je9404
152,9103237277,Sheilah,Mugglestone,2.4,Female,a5110@paytm,88,Dakota,QI82ja1454
153,7995791055,Hussein,Melchior,3.4,Male,l5810@paytm,53,Hagan,LJ12cr5424
154,6271527839,Adolph,Hazart,4.5,Male,C5310@paytm,33,Randy,PB92ss6494
155,9529295978,Devland,Cordsen,2.1,Male,l5710@paytm,31,Fieldstone,XK52iv0484
156,6174964201,Zedekiah,Jeal,1.8,Male,y5510@paytm,31,Autumn Leaf,QQ42kl7404
157,4337214430,Dicky,Naylor,1.7,Male,F5610@paytm,30,Bay,LI42sd1464
158,2065474638,Regine,Lackington,3.0,Female,c5710@paytm,59,Mayfield,FZ02tt6494
159,5075334377,Ronalda,Gartsyde,4.8,Female,K5210@paytm,66,Russell,HN32ze5404
160,6868120780,Gan,Durnford,1.8,Male,m5810@paytm,36,Green Ridge,EB12mu5424
161,1582405638,Granger,Cremen,3.5,Male,m5610@paytm,84,Westerfield,SG72ol1414
162,6654515011,Russ,Knightsbridge,2.2,Male,T5010@paytm,50,Orin,TO22cg6424
163,7403569803,Lodovico,Heiner,3.9,Male,k5610@paytm,62,Larry,MJ12ap8454
164,7992579590,Othelia,Peaden,4.1,Female,d5510@paytm,38,Utah,RF52ub9474
165,1626853508,Farlay,Malim,1.4,Male,B5110@paytm,74,Southridge,PM52qe6424
166,3042657044,Leon,Ziebart,2.2,Male,t5110@paytm,54,Veith,CC32ac0404
167,5636974482,Walker,Tomlett,2.7,Male,N5110@paytm,58,Moland,EI32qo7474
168,3864073053,Sebastien,Ewbanke,1.0,Male,x5810@paytm,35,Vermont,IN52lc9444
169,2738776224,Waylin,Prendeguest,3.6,Male,y5510@paytm,49,Tennessee,WT12oz1424
170,2331959004,Kelly,Moores,4.5,Female,k5810@paytm,40,Dovetail,TB52rd2444
171,1757109738,Howey,Haslegrave,3.8,Male,d5910@paytm,71,Carberry,AL42pk0434
172,4035995117,Emily,Pearle,1.8,Female,q5010@paytm,55,Brentwood,EP22wj7444
173,9373321722,Giulio,McCloch,4.0,Male,e5410@paytm,44,Fairview,UM12js3484
174,6591189370,Tannie,Piola,2.9,Male,f5110@paytm,73,Rockefeller,JL22gk9414
175,7091599733,Tab,Aitkin,1.0,Male,u5110@paytm,24,Lotheville,JZ52kj8434
176,6912814104,Ernestine,Vedenichev,1.2,Female,p5710@paytm,55,Dwight,GO12bc9454
177,3358809966,Mason,Leddy,3.8,Male,L5110@paytm,81,Parkside,TU62qz2434
178,8695669731,Bengt,Pexton,2.4,Male,i5610@paytm,42,Village,RW92dz3464
179,6599677093,Millard,Ismirnioglou,4.3,Male,t5910@paytm,42,David,FY02ja7414
180,2031402676,Haskell,Gladden,3.7,Male,O5410@paytm,40,Kennedy,KY52es4444
181,2225799798,Kirsti,Augustin,2.3,Female,i5310@paytm,74,Larry,LL02et0434
182,4576528849,Terry,Ganny,2.3,Male,M5210@paytm,56,Bunting,KU22ws5434
183,4419355203,Melicent,Dyble,2.4,Female,w5210@paytm,87,Lunder,RS52er4484
184,9676545266,Esteban,Collopy,1.7,Male,C5910@paytm,59,Ronald Regan,RN82np8484
185,2953427036,Baron,Hinkley,3.6,Male,E5310@paytm,71,Oneill,NV32np8424
186,8172049363,Antonina,Hampe,3.3,Female,G5210@paytm,20,Kedzie,MU02bu5444
187,5452203246,Nedi,Berthelmot,3.7,Female,y5510@paytm,36,Fulton,KB22pv3464
188,6195107321,Sergei,Tegeller,4.3,Male,G5610@paytm,73,Express,LV32mo5444
189,1432159586,Jamal,Cranmor,3.7,Male,K5310@paytm,35,Express,XI52wu8484
190,6936722731,Ceil,Tubble,2.4,Female,R5510@paytm,69,Porter,QN42tq5464
191,8155804400,Latashia,Meake,2.0,Female,o5210@paytm,60,Porter,PS62dv0464
192,9846979491,Gunter,Limprecht,3.4,Male,G5410@paytm,31,Vidon,FO32da3444
193,2337741861,Nikita,McPhelim,2.4,Male,u5910@paytm,66,Schurz,OF12ct7404
194,4799393554,Kerwin,Pes,2.4,Male,q5610@paytm,59,Toban,VG32lw2404
195,7716372286,Thornton,Tuxill,2.7,Male,E5310@paytm,56,Bluejay,OQ02ed4404
196,7904077431,Laird,Swetenham,4.7,Male,G5710@paytm,24,East,JC02no3434
197,5958393023,Morna,Liddington,1.6,Female,T5310@paytm,68,Carey,WI62xl0464
198,6365489511,Malinde,Worboy,5.0,Female,v5410@paytm,48,Arapahoe,EO22bk2404
199,4143742267,Sigismundo,de Clerq,4.5,Male,w5510@paytm,34,Beilfuss,QS32uv8404
200,5909125794,Silvio,Lacheze,2.4,Male,u5010@paytm,29,Scoville,WE22ef7424
201,1402366594,Ernesta,Shrimpton,4.3,Female,P5110@paytm,52,Killdeer,PH02xi2494
202,6701707004,Emilia,Kollaschek,3.8,Female,b5810@paytm,21,Daystar,AP42vm4404
203,4032131951,Faina,Battams,2.4,Female,t5710@paytm,62,Talisman,RZ82kl4434
204,8876118985,Daron,Sturr,3.8,Female,H5610@paytm,63,Ilene,WS62pv5424
205,3291423058,Elli,De Roeck,2.0,Female,c5910@paytm,64,Fulton,TE32wh4434
206,4241630107,Rudyard,Grattan,4.2,Male,U5510@paytm,80,Anzinger,NV52lg0434
207,9444562050,Kiah,Rawcliffe,4.8,Female,e5510@paytm,82,Golf View,KW92nm7444
208,7403912307,Norean,Trewman,4.8,Female,F5710@paytm,41,Eggendart,LY92bo0424
209,6561188641,Aubree,Angier,3.9,Female,q5710@paytm,55,American Ash,TR12or9474
210,1291084315,Dorthea,Drinkhall,3.1,Female,z5010@paytm,72,Vera,BP62gy3434
211,3621149849,Lanette,Beadman,4.9,Female,B5910@paytm,29,Towne,GI42sm9414
212,3183337548,Sampson,Le Breton De La Vieuville,1.1,Male,M5510@paytm,18,Hanson,SJ82vn2474
213,4337717079,Haily,Cobbledick,4.7,Male,E5210@paytm,68,Summerview,BT62zv2424
214,5229205890,Cello,Oglevie,4.0,Male,s5410@paytm,38,Mcbride,QT52sz5434
215,9893748862,Cassey,Rotherham,4.7,Female,v5010@paytm,67,Carioca,YS92kn4424
216,4883861614,Morly,Rizziello,2.2,Male,F5410@paytm,81,Chive,VH82rk2454
217,5417189144,Meghann,Lineen,1.2,Female,p5810@paytm,58,Sachs,CI12tc7494
218,5601462096,Martha,Krimmer,1.5,Female,Q5110@paytm,70,Atwood,YK42fk0484
219,4142782341,Kleon,Manvell,3.1,Male,z5510@paytm,78,Chive,YR82cx5464
220,3449920157,Melisenda,Messer,2.3,Female,w5110@paytm,87,Marquette,KD92hp8414
221,8255406471,Siana,Gokes,1.7,Female,z5510@paytm,49,Nobel,UM32bc4414
222,6864411194,Obadiah,Tillard,1.3,Male,G5410@paytm,64,Thackeray,EB12mn3474
223,5479507169,Vivienne,Childerley,2.8,Female,y5910@paytm,64,3rd,PF72ot3444
224,9422184774,Aloin,Sproat,3.0,Male,Y5810@paytm,36,Sycamore,GX92bq8434
225,7049355491,Kayley,Readhead,4.0,Female,j5510@paytm,76,Doe Crossing,KP42ih7434
226,3434585744,Linn,Sarsfield,3.8,Male,c5710@paytm,61,1st,FL32bh8494
227,8192876764,Pennie,Broughton,4.8,Female,w5110@paytm,48,Farwell,CJ32ua4434
228,4845729781,Trip,Dews,1.0,Male,c5210@paytm,51,Sachtjen,TQ82kc1444
229,1758602456,Osborn,Birt,3.5,Male,f5910@paytm,40,Larry,RF72qr9424
230,8206548025,Ronny,Bonwick,3.6,Female,I5810@paytm,81,Swallow,VO72zp7464
231,3339251638,Kacie,Housego,1.9,Female,Z5210@paytm,85,Huxley,RH52gh3434
232,5215795915,Davidson,Martynikhin,4.3,Male,P5510@paytm,86,Warrior,UT02sa5444
233,7829679237,Roseann,Gilbane,4.6,Female,Y5910@paytm,34,Lighthouse Bay,XM92do1404
234,1625095949,Chen,Bahia,3.8,Male,Z5110@paytm,88,Village,NP92zf0414
235,5798124279,Tymothy,Bednall,4.4,Male,d5210@paytm,87,Welch,HP02pg7414
236,6129928785,Arlene,Grigs,3.0,Female,t5010@paytm,62,Russell,IN92cx5494
237,3579719736,Wallis,Brinkler,4.6,Male,h5110@paytm,66,Ridgeview,EP62bv1474
238,6802854993,Rand,Shutle,1.4,Male,L5110@paytm,48,Shelley,XG92aj7494
239,4796353738,Bo,Thickpenny,3.2,Male,Y5210@paytm,23,Ridge Oak,UI12ug4424
240,8473301441,Cullin,Twyford,2.3,Male,I5710@paytm,30,Ruskin,VZ02mq8424
241,3799481049,Lynea,Riddick,2.7,Female,y5710@paytm,47,Manitowish,AW92ne4464
242,9276120043,Brander,Klasen,2.4,Male,p5410@paytm,55,Arkansas,KA32kp0424
243,4261310443,Jeanine,Stode,1.3,Female,a5610@paytm,25,Hooker,LR42du5424
244,9714442929,Reinold,Band,3.2,Male,x5010@paytm,28,Longview,DE22oz6434
245,1043230203,Eldridge,Shreeve,4.6,Male,w5110@paytm,70,Pine View,FE72yh8444
246,2885487902,Lorin,Spurden,4.5,Male,W5610@paytm,56,Lerdahl,LS22gq9404
247,7894133085,Merwin,Mabson,4.9,Male,n5510@paytm,29,Westend,ID92ka5454
248,2035446663,Gary,Brill,3.4,Male,c5910@paytm,89,Northland,MO42pe2424
249,9977089748,Holli,Rosenblad,1.2,Female,d5410@paytm,37,Bowman,HN72fi8484
250,8231765631,Angel,Rosgen,1.2,Female,V5010@paytm,59,Randy,JE02oy5484
251,4699262334,Marv,Housden,3.8,Male,K5410@paytm,40,Gateway,EH72df2474
252,9619703733,Pietro,Hise,2.5,Male,q5410@paytm,25,Maryland,UJ22ef9494
253,7847561921,Harald,Wensley,4.2,Male,T5410@paytm,44,Rowland,AR62ef9434
254,5286785507,Finn,Ansty,1.3,Male,J5710@paytm,18,Dennis,DL52vo8454
255,7633531319,Theressa,Whimp,3.8,Female,z5810@paytm,71,Daystar,MD22vs5444
256,7097973872,Marthena,Denford,3.3,Female,W5010@paytm,38,American Ash,CB72ho3404
257,7595999223,Rodina,Wollacott,4.5,Female,V5310@paytm,32,Bobwhite,AK62qk9484
258,9122188299,Fritz,Suthren,2.0,Male,w5410@paytm,18,Monterey,XE62pb9474
259,4224371289,Pablo,Redihough,3.3,Male,U5410@paytm,74,Judy,NQ12ji8444
260,1521519082,Shanan,Lorrie,3.5,Male,q5610@paytm,31,Arizona,ZG22ve4404
261,8367224328,Sigismond,Gaynsford,2.4,Male,U5910@paytm,58,Hayes,LV92qe6464
262,8063141162,Rad,Low,1.8,Male,Q5510@paytm,31,Bobwhite,ZW12xj3494
263,5973228270,Whitney,Vasyagin,4.6,Male,K5410@paytm,29,La Follette,AN82sv6454
264,5894014850,Brnaby,Fenn,3.4,Male,F5410@paytm,36,Nancy,FY32ec5434
265,9546776209,Gibb,Crouse,1.3,Male,t5510@paytm,27,Canary,TC52jj8474
266,2669180562,Theo,Bummfrey,4.8,Male,T5410@paytm,58,Bellgrove,FS72ub0414
267,6701425702,Shannan,Derges,4.2,Male,s5510@paytm,61,Arapahoe,ZL22ej1424
268,6461339164,Coretta,Getch,4.0,Female,c5910@paytm,82,Eagle Crest,NX62kv7404
269,3794149627,Christabel,Pritty,4.0,Female,N5210@paytm,70,Elmside,LE02ij7484
270,7922715259,Carmelle,Leversuch,4.1,Female,B5110@paytm,32,Oriole,UU42gr9464
271,3172263223,Tamera,Altofts,4.7,Female,v5910@paytm,87,Red Cloud,UA72lo1404
272,1744678664,Gram,Ladd,3.6,Male,s5010@paytm,25,Monica,EN22ue7424
273,8427258982,Pepillo,Flucks,3.8,Male,Z5810@paytm,47,Kenwood,HV92cy4494
274,8892040928,Tally,Demelt,3.3,Female,M5010@paytm,89,Dryden,JY12uw3484
275,6323908912,Sallee,O'Collopy,5.0,Female,z5010@paytm,55,Badeau,HS52cf8444
276,5707316306,Andree,Stanway,4.5,Female,H5810@paytm,60,Shoshone,IY82do4414
277,3815475509,Sabrina,Cowhig,3.6,Female,E5510@paytm,60,Harper,NV02ot6494
278,1781663462,Kimmy,Killen,1.9,Female,b5410@paytm,34,Helena,UL82hd1464
279,6098679342,Matty,Peacey,3.0,Female,B5110@paytm,90,Hagan,CJ82kp2404
280,1885458633,Durante,Cotgrave,3.8,Male,J5010@paytm,58,Emmet,UM52uz9414
281,9602603281,Town,Cohr,3.8,Male,r5310@paytm,26,Shoshone,DP12tb7424
282,6435055985,Ynes,Melburg,3.6,Female,v5310@paytm,44,Morning,NT22mv1474
283,2022417073,Emmey,Garcia,3.0,Female,d5610@paytm,39,Farwell,PO42ey4404
284,8723353400,Ethelind,Luckin,4.6,Female,w5910@paytm,18,Bayside,CE32aa6434
285,7208161221,Wiatt,Horning,2.0,Male,o5310@paytm,86,Alpine,VJ32kd3404
286,5306954940,Charlie,Pantlin,3.2,Male,v5010@paytm,51,Stone Corner,BD72am3494
287,3992370340,Rayner,Betteson,1.2,Male,Q5210@paytm,52,Superior,FK62xr5444
288,5529916556,Brand,Ragles,3.4,Male,I5010@paytm,79,Autumn Leaf,BA82pj6464
289,2414060064,Ilene,Francino,3.1,Female,z5410@paytm,68,Mesta,HK62of1454
290,7975549716,Rosalie,Abson,1.9,Female,B5210@paytm,50,Homewood,LI02um5404
291,6366831522,Julian,Chimenti,4.7,Male,Y5210@paytm,78,Oak,DB32pa7484
292,6986570457,Byron,Stanex,1.8,Male,G5210@paytm,19,Rockefeller,FW32il1474
293,5854223213,Marcelline,Manterfield,2.9,Female,T5210@paytm,85,Vahlen,KW82cz3404
294,6969442558,Marianna,Blackstock,4.8,Female,F5510@paytm,35,Bluejay,FL12xd4484
295,3827219478,Gusti,Pycock,4.5,Female,p5310@paytm,89,Hermina,VX72zd1424
296,9014706061,Perry,Wake,4.4,Female,I5210@paytm,46,Cody,LW82cz2474
297,8687828196,Paddie,Boffey,4.4,Male,x5310@paytm,87,Heath,KQ52yn2494
298,6754937241,Burton,Doni,4.1,Male,Y5410@paytm,32,Sundown,HS02qh4414
299,7921436572,Aliza,Haliday,2.6,Female,Y5210@paytm,43,Spohn,OU72yz7474
300,7505440702,Frances,Palfree,2.1,Female,r5710@paytm,68,Montana,WD42bf8454
301,6905698602,Aubert,Peto,3.1,Male,b5610@paytm,48,Park Meadow,NP22qq7404
302,3085180710,Tiphany,Linbohm,1.3,Female,K5010@paytm,84,Debs,KY52fh5484
303,5776330941,Hedy,Wahner,2.5,Female,P5010@paytm,76,Quincy,DZ22ai6464
304,9071895199,Chryste,Vannah,4.1,Female,h5510@paytm,65,Beilfuss,OX62ur8444
305,1119743843,Marney,Carver,4.9,Female,R5910@paytm,68,Talmadge,SE22fn9434
306,2947133923,Cameron,Josh,3.1,Male,B5210@paytm,45,Fair Oaks,LY82rp3424
307,9711893171,Sutherlan,Peascod,3.7,Male,g5010@paytm,59,Dexter,RS32gr7464
308,2978678120,Brandyn,Oldman,2.0,Male,y5010@paytm,87,Coolidge,YP32iy2424
309,2182573655,Kathie,Kempster,4.5,Female,M5810@paytm,65,Jay,GY72ur5404
310,6997658770,Isa,Christy,1.3,Female,B5610@paytm,63,Crowley,DE32ma2494
311,6043831652,Bayard,O'Howbane,1.1,Male,S5510@paytm,64,Del Sol,AA72se2494
312,3105673417,Minne,Digger,4.6,Female,A5210@paytm,64,Portage,QU12fv8474
313,7174876082,Jamesy,Morffew,4.0,Male,s5310@paytm,54,Mayfield,VK92zi2434
314,5176003886,Chic,Mayzes,3.8,Male,G5710@paytm,27,Farmco,IS22al8444
315,9649717889,Jocelyn,Egle of Germany,4.5,Female,A5410@paytm,45,Warbler,DQ42vk6404
316,7759160332,Ines,Chuney,3.0,Female,S5610@paytm,22,Petterle,GU32ew6494
317,5944258544,Benoit,Baudain,1.5,Male,n5810@paytm,59,Farwell,NM82gz3444
318,3677298841,Glennis,Farnie,3.4,Female,o5010@paytm,81,Mallard,XQ42sr6414
319,7401829932,Taffy,Hlavecek,1.2,Female,V5110@paytm,44,Lighthouse Bay,KV12en5414
320,8406396853,Sallie,Coare,3.9,Female,c5110@paytm,86,Southridge,XJ72eb8424
321,6244185111,Elsbeth,Roizn,1.5,Female,X5810@paytm,59,West,RZ72xv3464
322,7859432016,Germaine,Corneljes,4.2,Female,Q5610@paytm,61,Debs,RM62hb9464
323,2877561758,Lawry,Dumbrill,2.6,Male,w5610@paytm,68,Riverside,HB52xt5464
324,2135183697,Tamiko,Gibbs,3.6,Female,p5710@paytm,82,Trailsway,IU42qb2494
325,3478859501,Delia,Josilowski,1.4,Female,K5110@paytm,75,Bluestem,WF32hq1484
326,4784530049,Cedric,Tuxsell,2.8,Male,O5010@paytm,51,Utah,AU52ex8414
327,6193642395,Chelsae,McKirton,4.2,Female,m5410@paytm,89,Dapin,ZO12sh2494
328,3145212790,Phip,Goodger,4.0,Male,c5210@paytm,88,Linden,TO92oi4484
329,2822114698,Shannah,Edinburough,4.1,Female,w5810@paytm,84,Lakewood Gardens,PU92ct8444
330,4726942518,Wilmar,Rich,4.9,Male,m5510@paytm,69,Canary,DV42eg1444
331,6617676134,Gayleen,Fells,1.8,Female,P5410@paytm,21,Almo,AY72qb6494
332,5956100238,Kristofor,Storkes,4.7,Male,z5710@paytm,81,Little Fleur,GB62xj8464
333,1453023690,Amye,Schruur,2.2,Female,S5310@paytm,88,Declaration,EQ42fj3474
334,8156217245,Theda,Brideoke,3.8,Female,U5010@paytm,36,Continental,HX82lt7414
335,5738251024,Josy,Hyslop,2.7,Female,n5510@paytm,65,Spohn,GP62kt6424
336,1269557071,Nevil,Kitchinham,4.7,Male,r5610@paytm,23,Daystar,LN82ts8404
337,4071520097,Brandise,Labbey,1.9,Female,b5310@paytm,73,Crescent Oaks,BH42tz4454
338,6731358026,Hanni,Josovitz,4.5,Female,t5910@paytm,52,Calypso,DK32bu5404
339,4033587115,Moishe,Hemshall,2.2,Male,I5210@paytm,36,Hovde,UY12gn5494
340,6129562166,Cleo,Ivic,1.6,Female,z5510@paytm,77,Stephen,HF72il6494
341,6618138900,Morley,Sandwick,4.3,Male,t5810@paytm,59,Village,KE82hx2464
342,2049850430,Bertram,Brattan,2.5,Male,e5610@paytm,87,Namekagon,DU12gi0454
343,1422488075,Laurie,Barron,4.7,Male,E5710@paytm,68,Quincy,AL32rr9494
344,1802025376,Jephthah,Spellward,1.3,Male,g5910@paytm,59,Hovde,BK52sp5404
345,5001240302,Ulick,Espinal,3.9,Male,R5310@paytm,20,Mifflin,TI12cv6414
346,4101795154,Malory,Shann,2.3,Female,u5210@paytm,57,Southridge,JA42ud6454
347,5542224342,Elli,Hancox,1.4,Female,d5810@paytm,21,West,AY72hn5414
348,1731438916,Catherin,Stoneham,2.4,Female,H5210@paytm,37,Warbler,BY52my4484
349,1585943425,Pam,Dunniom,2.4,Female,v5610@paytm,73,Graceland,WW72qa7484
350,5034784077,Thoma,Adelberg,4.7,Male,c5710@paytm,48,Golf Course,YN52hp9474
351,5353218818,Dyane,Childe,3.5,Female,l5410@paytm,72,Sunbrook,VD92pu4484
352,1975865964,Ronna,Trayte,2.1,Female,z5510@paytm,30,Golf Course,GZ22gl3494
353,3731546668,Roby,Saunder,4.2,Female,D5710@paytm,70,Roxbury,GA42nl4474
354,4662063469,Mathilde,MacAndie,3.7,Female,Q5510@paytm,55,Bluejay,AH42er9414
355,7963621457,Addie,Pragnell,4.0,Male,u5610@paytm,88,Goodland,WY32fg2444
356,1587903672,Merell,Alessandretti,2.0,Male,U5010@paytm,37,Jay,XM82jn9424
357,9049888089,Yalonda,Calven,4.5,Female,n5510@paytm,65,Graceland,QR62fo0444
358,4352891629,Evin,Veque,4.3,Male,X5110@paytm,55,Arizona,US42an4494
359,2636720798,Gerry,Cloney,1.4,Male,V5510@paytm,48,Service,UE02ya5464
360,4956126333,Sawyere,Atack,4.2,Male,e5710@paytm,26,Delladonna,UU02yx4434
361,2209299413,Jobey,Munkley,3.3,Female,q5110@paytm,53,Manley,JP32fy3454
362,8905054598,Nady,Helks,1.4,Female,f5110@paytm,78,Declaration,UD42yg3464
363,4006249877,Tatiana,Lafond,1.1,Female,k5110@paytm,29,Fordem,FQ92iv8444
364,7562130063,Aggi,Kembrey,4.9,Female,C5410@paytm,50,Northfield,RT02he2484
365,8253437918,Wald,GiacobbiniJacob,3.9,Male,G5710@paytm,71,Welch,OX42cx7414
366,6327339455,Eleen,Ballister,1.1,Female,w5810@paytm,56,Claremont,BV92iv7454
367,2144447154,Baldwin,Sievewright,4.5,Male,h5910@paytm,39,Melby,MB72zm9484
368,6895458776,Wylma,Chalder,2.0,Female,o5510@paytm,21,Lotheville,ZK72vu9454
369,9177400426,Orsa,Klee,1.0,Female,B5010@paytm,53,New Castle,SF72gt2454
370,1173739734,Arvie,Tomsett,1.7,Male,L5310@paytm,60,Doe Crossing,WX32sm6404
371,2449854940,Tomkin,Bartalini,4.0,Male,w5210@paytm,53,Merrick,WB02qw4424
372,7892563112,Blaine,Yoell,4.3,Male,j5710@paytm,71,Mayfield,WX32np8424
373,1263781583,Jelene,Cowlin,3.8,Female,F5510@paytm,43,Old Gate,OV12gc9484
374,7879471971,Jacquetta,Guyet,3.0,Female,b5810@paytm,19,Dapin,YA02ma6474
375,3515092027,Sollie,Dyett,2.3,Male,F5510@paytm,64,Kinsman,OT22mh5444
376,4607865567,Freida,Ferruzzi,2.9,Female,M5810@paytm,75,Acker,DT02nx3454
377,8433682535,Costa,Ridd,1.2,Male,B5610@paytm,54,Washington,QG72vs3454
378,5723954399,Neron,Bowskill,4.5,Male,o5210@paytm,68,Melrose,VP42dc9444
379,1668753468,Darb,Matiewe,2.0,Female,y5310@paytm,38,Eggendart,YR32cp2404
380,4819785516,Leroi,Dow,1.5,Male,t5310@paytm,66,Autumn Leaf,XV52gr1464
381,8288345305,Barney,Happer,3.6,Male,y5210@paytm,28,Victoria,ZQ92zz4454
382,4398113386,Gracia,Fields,2.7,Female,L5710@paytm,54,Hoffman,NR82dc2444
383,7183240391,Winny,Abdy,4.8,Female,H5810@paytm,57,Granby,YN32ut1494
384,1675485105,Neile,Fellos,2.6,Female,k5910@paytm,20,Dovetail,KW12gq2424
385,1791518469,Ingeborg,Harse,2.7,Female,h5110@paytm,77,Mallory,WE52qc1464
386,9967254121,Isaak,Pledger,2.5,Male,Y5610@paytm,39,Monica,UU12nz7464
387,8706470417,Yorgo,Walthall,4.4,Male,c5310@paytm,27,Reinke,NH82bd3434
388,8482126152,Perry,Congdon,3.2,Male,n5010@paytm,36,Maple,OE22hl3444
389,4161528833,Loutitia,Gregine,4.7,Female,t5610@paytm,40,Dixon,RH52gi0434
390,4402659304,Gawain,Staniland,2.7,Male,e5510@paytm,23,Havey,CV62cm7464
391,1614210342,Esmeralda,Shurrocks,2.5,Female,V5310@paytm,51,Sunfield,QO72el2424
392,3267021348,Beatrisa,Rotham,1.8,Female,n5410@paytm,54,Sugar,KH42ds5444
393,9875110579,Kirbee,Dukelow,4.7,Female,b5910@paytm,32,Transport,AE62oz4494
394,3329265450,Berenice,Mardy,2.5,Female,a5510@paytm,85,Eagan,VH42ii5484
395,6993234784,Kelsey,Crossgrove,4.7,Male,K5010@paytm,57,Westend,BF62px2454
396,5654368711,Andy,Hartmann,3.0,Male,d5310@paytm,65,Ramsey,XL52uj5404
397,6925998250,Fernandina,Zaczek,2.6,Female,m5110@paytm,68,Kim,ZJ22nm5424
398,9364229657,Arch,Pauler,1.4,Male,M5110@paytm,47,Kensington,MN52et4484
399,9095693689,Rollins,Christiensen,2.4,Male,Q5610@paytm,33,Barby,RM82se6414
400,9468542431,Hanni,Baise,2.7,Female,n5010@paytm,84,Mitchell,VX02py0484
401,2972568522,Prinz,Whyborne,1.7,Male,O5810@paytm,82,Upham,UZ82te9474
402,2337805443,Eleanore,Meindl,4.8,Female,T5710@paytm,40,Lawn,IX42dx7424
403,5088031738,Maddy,Martensen,2.4,Male,q5610@paytm,83,Birchwood,NM92lp0494
404,2516442350,Carina,Scollard,2.4,Female,m5610@paytm,46,Russell,DB62nc9484
405,4876471968,Grant,Habbal,3.9,Male,Z5110@paytm,25,Buell,WG12ng8414
406,6824892818,Sisile,Conrard,2.5,Female,B5810@paytm,25,Norway Maple,KV62mb5424
407,6778401580,Meridel,Bortoli,1.2,Female,x5410@paytm,26,Doe Crossing,WK32ot4424
408,3581683520,Bruce,Brothwell,3.2,Male,R5110@paytm,59,Banding,SZ92yr8434
409,7536642435,Griswold,Schieferstein,4.2,Male,f5310@paytm,70,Sundown,EL02zr1444
410,3581768623,Kala,Summons,1.2,Female,s5710@paytm,43,American,IO22ay9444
411,2305715095,Cate,Fowley,1.4,Female,R5810@paytm,64,Bunker Hill,TQ72rq1434
412,6515444278,Aarika,Lequeux,4.7,Female,W5810@paytm,74,Vidon,GX82ci8484
413,8381092252,Sandi,Rosell,4.2,Female,d5410@paytm,37,Rockefeller,OH92be4424
414,5245062887,Nelly,Trudgian,4.4,Female,t5610@paytm,52,6th,WO02mq7474
415,2476846903,Poppy,Castanares,1.1,Female,F5410@paytm,32,Bobwhite,BQ12lz7494
416,5754591025,Teodora,Mapston,3.8,Female,p5410@paytm,60,Stuart,UZ32sm4434
417,7987420320,Leif,Copes,1.7,Male,i5610@paytm,41,Golf Course,RZ52xb5444
418,2618533501,Cecelia,Spacey,1.5,Female,Q5010@paytm,48,Comanche,OI12ke7414
419,3333336727,Madelene,Cardiff,4.2,Female,v5110@paytm,59,Glacier Hill,WM42bt7424
420,3662178428,Hamilton,Milnthorpe,3.2,Male,p5810@paytm,31,Crescent Oaks,AN32lv0444
421,1864433423,Tyrone,Solley,1.1,Male,L5110@paytm,62,Tennessee,NP32fr3494
422,8373188006,Thorpe,Lounds,1.1,Male,Q5810@paytm,79,Chinook,VI32jr2474
423,5193481265,Faye,Blanche,3.6,Female,F5710@paytm,66,Dennis,RM62hn3464
424,5333181305,Leicester,Mathelin,4.0,Male,e5710@paytm,89,Dakota,XT02yy8414
425,6742151101,Justis,Verrechia,2.2,Male,E5510@paytm,57,Stang,QI32ml3424
426,9809872106,Davin,Wilfling,5.0,Male,I5810@paytm,19,Main,VS32if6484
427,8866307134,Debby,Coonihan,3.1,Female,H5910@paytm,27,Warner,DQ02xw7454
428,1084374432,Billi,Pountain,2.9,Female,y5310@paytm,63,Lukken,HE32pb2484
429,1787174494,Eimile,Ricca,4.0,Female,v5410@paytm,50,Corscot,EX52mx2474
430,8833488312,Eric,Edmonstone,2.3,Male,K5410@paytm,50,Magdeline,LR52ei8494
431,7568433311,Jessie,Barbrook,3.5,Female,j5110@paytm,24,Kenwood,DN82ab4484
432,4959066764,Toddie,Blagdon,4.1,Male,a5110@paytm,52,Gale,EX32by6474
433,8875098639,Lina,Dewberry,3.7,Female,n5810@paytm,27,Merrick,WM92po9464
434,2811832459,Verla,Everly,3.4,Female,u5810@paytm,62,Helena,ZB12sw4434
435,1344290391,Julie,Pimme,4.8,Female,H5410@paytm,73,Mifflin,LH12xz5424
436,1988910244,Emmy,Rudsdale,2.6,Male,e5010@paytm,52,Acker,WG72rf0414
437,9964845551,Celestina,Posner,4.0,Female,w5010@paytm,83,Rowland,BA72tw0464
438,1116156843,Storm,Arbon,4.3,Female,r5710@paytm,90,Katie,LE72zk8474
439,8393470513,Rafaello,Goulter,2.8,Male,b5210@paytm,85,Duke,BX62kf4414
440,2913950324,Heddie,Elmer,1.2,Female,z5710@paytm,81,Londonderry,RK22wq6414
441,3192627766,Hephzibah,Dulanty,4.0,Female,g5410@paytm,23,Miller,LB62uj5424
442,4053773008,Gardie,Bentham,4.6,Male,l5610@paytm,60,Waxwing,GV62bu7464
443,6903903289,Julienne,Tink,3.5,Female,Z5110@paytm,51,Blue Bill Park,RB12xu2434
444,2449314948,Pietro,Mackin,1.1,Male,I5010@paytm,51,Caliangt,HV52mt8434
445,8131967040,Vina,Marian,4.9,Female,H5810@paytm,34,La Follette,MK92rk8414
446,2163292240,Stefan,Durran,4.8,Male,h5610@paytm,58,Magdeline,WK42hi0494
447,4431952594,Christin,Bolton,2.6,Female,t5010@paytm,84,Division,VL92dr8494
448,2043121747,Andre,Hambridge,1.6,Male,J5110@paytm,32,Dennis,YF82fc1434
449,5403132953,Garner,Pauncefoot,1.7,Male,V5310@paytm,46,Riverside,BV62ot9424
450,1453105069,Diana,Wilprecht,3.4,Female,Y5110@paytm,47,Bobwhite,BL92sc1404
451,9238492620,Tabitha,Joriot,1.3,Female,n5210@paytm,68,Esch,OR82si3424
452,8147673686,Karney,Oxteby,2.2,Male,n5210@paytm,55,Warbler,FF92mh9464
453,8333507053,Maud,Kaiser,2.5,Female,d5010@paytm,44,Fieldstone,YN82ja6434
454,1649138857,Gerhardt,Habbin,2.3,Male,H5310@paytm,38,Summit,RA22ot8474
455,7862280967,Lucina,Yanele,4.9,Female,K5010@paytm,29,Sunnyside,LN22hs9414
456,8329571136,Molli,Oldland,1.2,Female,W5010@paytm,58,Meadow Vale,NP22th0414
457,4948430849,Adena,Kilby,2.8,Female,L5110@paytm,39,Crescent Oaks,ZU02ps7454
458,7308739800,Zachery,Boar,1.2,Male,i5010@paytm,27,Basil,DL02cc7424
459,8818460182,Frasquito,Le Estut,1.8,Male,f5810@paytm,52,Old Shore,BM22jt7414
460,3148121312,Barney,Mc Curlye,2.4,Male,Q5510@paytm,31,Tennessee,PK62rt5424
461,2313145939,Miner,Style,1.1,Male,f5910@paytm,20,Lerdahl,OM62me4484
462,6863449718,Emmaline,Tunnah,2.3,Female,s5310@paytm,79,Ronald Regan,JC52sc4474
463,9121716510,Elbert,Cronin,3.9,Male,K5310@paytm,52,Erie,IO62xt7424
464,1451374343,Warner,Lehon,1.2,Male,k5310@paytm,18,5th,CG22gw1454
465,4002940608,Mariam,Colisbe,1.8,Female,w5510@paytm,32,Elka,DB22dx8494
466,6732690105,Daria,Attoc,1.2,Female,c5010@paytm,63,Victoria,CW82vz4404
467,4268725075,Forrest,Toffoloni,3.5,Male,O5810@paytm,60,Twin Pines,TI42vv2454
468,7218523443,Pacorro,Springell,1.0,Male,M5010@paytm,22,Anniversary,DZ82ce3494
469,9313886138,Carol-jean,Clayworth,4.1,Female,R5210@paytm,63,Karstens,CC22jq7464
470,6316248679,Vittorio,Dautry,3.8,Male,W5210@paytm,45,Hermina,DM22ho8404
471,4383379967,Verena,Totterdill,1.7,Female,w5910@paytm,24,Manufacturers,RW52qh2484
472,6328880649,Dorian,Batterton,1.5,Female,G5010@paytm,37,Sommers,IV92qk8434
473,1706537092,Sigfried,Penhalewick,3.4,Male,d5710@paytm,57,Springs,XX92ex2424
474,6284128081,Hugues,Bottlestone,4.1,Male,c5210@paytm,86,Veith,QU62th1404
475,9148529007,Randolph,Dinneen,2.0,Male,T5610@paytm,80,Jenna,UX62si7464
476,9304789835,Andriana,Dono,2.1,Female,K5310@paytm,22,Almo,VU22ai2444
477,1835961305,Rem,O'Caine,4.8,Male,q5510@paytm,62,Brentwood,GP22lr4464
478,1503870710,Silvan,Slisby,2.4,Male,e5410@paytm,46,Ilene,RT42nk9434
479,9882741955,Rog,Kardos,3.2,Male,e5510@paytm,54,Hagan,UE22dq0474
480,7679746413,Irwin,Burwood,1.7,Male,K5110@paytm,45,Emmet,ZX92az2494
481,1592140701,Clywd,Probert,4.6,Male,z5010@paytm,78,Boyd,IT82cs4424
482,3298137061,Anthia,McCleary,1.7,Female,w5810@paytm,90,Doe Crossing,UW52zl9474
483,3393240153,Chester,Clarson,4.1,Male,O5310@paytm,87,Emmet,WL92mo9494
484,1704181538,Lisle,Olcot,2.7,Male,A5710@paytm,80,American,ZH42pm0474
485,7035987952,Michaella,Landell,3.8,Female,e5410@paytm,90,Bowman,MV42yy6464
486,5423583007,Teddie,Falkingham,3.7,Female,f5310@paytm,21,Charing Cross,KV12xo8404
487,9691343244,Hildagard,Dinse,4.8,Female,O5710@paytm,56,Scott,WM12pf0484
488,3789546818,Marlo,Tankus,2.4,Female,y5210@paytm,70,Eastwood,YN32xx2424
489,7411927932,Ody,Buxsey,4.1,Male,X5810@paytm,46,Truax,VT12uu4454
490,9741170964,Siegfried,Headan,4.7,Male,T5310@paytm,35,Fallview,NN52am8434
491,2685541653,Galven,Wolverson,3.4,Male,M5310@paytm,42,Green Ridge,JS02hx3474
492,9099027463,Josephine,Bullman,3.3,Female,i5510@paytm,77,Briar Crest,CJ62gb4434
493,7905723910,Payton,Perl,1.0,Male,V5110@paytm,54,American,SS72la4444
494,4597461234,Jo ann,Jahncke,2.8,Female,k5910@paytm,52,Kingsford,MD12pr1434
495,8658769120,Cookie,Gipp,1.4,Female,m5810@paytm,89,Columbus,HE22be3404
496,5903424790,Konstantine,Shillan,1.0,Male,m5710@paytm,37,Ryan,TE82kz1454
497,9088260658,Ramsey,Toping,3.6,Male,m5710@paytm,88,Mitchell,HL42im2414
498,5897057243,Drucill,Cunio,4.8,Female,g5810@paytm,57,American Ash,KJ22lq4494
499,1409735084,Bartolemo,Achurch,2.7,Male,r5410@paytm,83,Lerdahl,PZ82lw7484
500,7713336674,Taite,Loomis,3.2,Male,O5910@paytm,77,Ryan,DK42jp4434
501,5566242187,Alwyn,Basso,2.6,Male,D5110@paytm,27,Tennessee,ER42mb9424
502,9084451136,Frances,Rennie,2.0,Female,Q5610@paytm,33,Porter,GL32ky0434
503,3199422927,Willamina,Koschek,4.8,Female,o5010@paytm,31,Spaight,GY92fj1484
504,1823453483,Kendricks,Sillis,2.2,Male,x5810@paytm,47,Dennis,CO52gu0454
505,1544311430,Gustavus,McFeate,5.0,Male,L5710@paytm,25,Meadow Vale,HF72dv8434
506,5395626032,Vick,Schwerin,3.6,Male,c5810@paytm,85,Shopko,DD02uh6474
507,5861364086,Lind,Vidineev,2.6,Female,b5710@paytm,35,Menomonie,BV52dd0404
508,4549552263,Amargo,Akehurst,3.5,Female,y5510@paytm,30,Barby,GO22ue0444
509,6243561605,Doretta,Proger,3.3,Female,U5310@paytm,60,Heath,TV92bd4474
510,3539107693,Brose,Walton,2.8,Male,V5910@paytm,58,Karstens,XM42ci3434
511,3897667440,Ikey,Nardrup,3.9,Male,B5010@paytm,63,Ruskin,EA42gw0424
512,8022337566,Field,Assante,2.8,Male,s5810@paytm,34,International,CH52nm1474
513,9028822054,Ethyl,Easterby,1.5,Female,h5210@paytm,50,Hintze,GO62xl0454
514,7709246397,Adiana,Bampkin,3.5,Female,S5710@paytm,56,Spenser,XS12zf4474
515,5463718964,Ludwig,Galego,4.5,Male,o5710@paytm,38,Helena,UE52bz6444
516,3756669491,Kahlil,Lamplough,3.3,Male,z5710@paytm,31,Dwight,QQ72oj6404
517,3933162623,Chere,Dixey,3.0,Female,T5010@paytm,47,Talisman,EF22bl3434
518,9418919636,Bernarr,Jarvis,1.9,Male,g5010@paytm,81,Nevada,NJ92du1444
519,8027531888,Hube,Reace,4.4,Male,c5610@paytm,85,Mayer,MF72lw0434
520,6903457214,Lelah,Openshaw,2.7,Female,s5310@paytm,30,Jay,ZX72uf6454
521,2125262583,Benjie,Vale,3.0,Male,W5510@paytm,59,Portage,NO72ta8424
522,4469876766,Val,Ogley,2.3,Female,Z5310@paytm,34,Brown,VE92fb1424
523,5423569976,Martha,Oldacres,4.3,Female,s5310@paytm,28,Grayhawk,OS42hn4494
524,8636031713,Vince,Waterson,2.8,Male,Q5810@paytm,46,Alpine,SK12jl7484
525,7607052685,Deonne,Coatsworth,4.8,Female,I5910@paytm,60,Springs,FK32zv0444
526,2598051004,Aurelie,O'Spillane,1.6,Female,v5410@paytm,81,Merry,SS62zt7454
527,4796677244,Denver,McGlue,1.5,Male,c5110@paytm,89,Ruskin,JN72ji9464
528,4609552618,Lyndell,Pudney,1.4,Female,U5710@paytm,69,Laurel,PA72tu0424
529,9728743899,Alard,Moatt,3.4,Male,c5010@paytm,50,Evergreen,CD82yx0424
530,4238665211,Luigi,Rusbridge,2.4,Male,V5110@paytm,26,Forest,LS32ps6454
531,9891273372,Claudine,Hawthorn,2.3,Female,K5010@paytm,82,Onsgard,YW02nw1464
532,1047588681,Marna,Matherson,3.8,Female,D5510@paytm,69,Jana,YU72mx6404
533,4206076186,Oralee,Hosten,2.8,Female,x5710@paytm,24,Shopko,AV82la9474
534,5435045216,Hewe,Novic,4.6,Male,Q5910@paytm,61,Cambridge,UO62ck4404
535,1588536750,Carl,Wesker,3.6,Male,Q5510@paytm,59,Hagan,GB72ts5454
536,9113772329,Robby,Veld,4.1,Male,O5110@paytm,18,David,FH32ii0404
537,2721514352,Lockwood,Norcross,2.9,Male,J5210@paytm,83,Park Meadow,SX52wz2404
538,1369315762,Evelyn,Maplethorpe,3.0,Female,c5910@paytm,36,Granby,ES92kw6404
539,3277230113,Ivan,Lamburne,4.4,Male,l5810@paytm,24,American Ash,AV72rh6454
540,5134545215,Adelice,Kerne,1.5,Female,R5110@paytm,84,Surrey,SP92ft0484
541,4269001803,Gayle,Ramstead,1.1,Female,Y5510@paytm,45,Barby,MV02gq3484
542,2675372991,Vassili,Kingsnorth,2.7,Male,l5610@paytm,84,Golf Course,YV92zw6474
543,2788350672,Garald,Dockrell,2.5,Male,J5110@paytm,64,Elmside,BZ22ni9474
544,1315437561,Findlay,Shillito,1.2,Male,r5710@paytm,63,Walton,IG52uf6454
545,6638483376,Fanechka,Griffitt,2.2,Female,r5010@paytm,85,Declaration,HN22dr2444
546,3945488777,Alice,Ebrall,3.1,Female,f5210@paytm,51,Tennessee,RG22uw6454
547,5002943263,Randolf,Scheffel,2.3,Male,F5010@paytm,65,Ryan,DX42yr1424
548,3615673740,Jerrine,Woodburn,1.5,Female,h5010@paytm,36,Bunker Hill,AI82iy5464
549,1273073474,Berthe,Kitson,4.5,Female,G5210@paytm,26,Sachs,ZM52od8424
550,4557932957,Mickie,Fippe,2.4,Male,Z5010@paytm,36,Homewood,PF72dm2444
551,5695864994,Cameron,Stango,2.6,Male,C5010@paytm,90,Weeping Birch,VT82uo3484
552,8851028505,Wally,Crayke,2.5,Male,P5810@paytm,29,Hollow Ridge,FF42ly0444
553,6604456960,Rolando,Bodsworth,1.7,Male,N5410@paytm,56,Jana,RL92gn2454
554,9541161084,Adel,Priddis,4.1,Female,b5710@paytm,72,Gateway,ZC52er3404
555,2922622185,Garrek,Phayre,4.0,Male,Z5110@paytm,64,Golf,TF12my3434
556,2937005126,Wolfy,Hedger,4.6,Male,N5110@paytm,23,Londonderry,LK62zn8444
557,3462784888,Ainslee,Grunwall,2.2,Female,G5010@paytm,56,Waxwing,DK12pk9434
558,4195795429,Adriaens,Rameaux,3.3,Female,C5710@paytm,19,Del Mar,LQ92cc6414
559,9317014178,Chaunce,De Roberto,2.9,Male,c5610@paytm,88,Lakeland,SO62ee9404
560,6245333230,Tibold,Exroll,1.4,Male,x5610@paytm,71,Dahle,PQ42sz1474
561,5071866137,Orland,Leele,1.2,Male,u5510@paytm,61,Hooker,CW02hp2434
562,1883066906,Tildi,Prawle,2.9,Female,N5010@paytm,46,Beilfuss,IN72eg6494
563,9844205736,Amberly,Matyushenko,1.6,Female,U5610@paytm,76,Bobwhite,RS52ru0414
564,8479931035,Ossie,Deddum,1.5,Male,h5010@paytm,43,Lakeland,CU52ba7424
565,4669168866,Farrell,Losano,2.6,Male,q5110@paytm,28,Straubel,KQ22fp0454
566,7401417757,Matthieu,Bradder,4.3,Male,z5210@paytm,89,Judy,EG52qr6464
567,4694569963,Stanislas,Sturgess,4.8,Male,I5610@paytm,82,Farwell,EL92sx8494
568,2423884917,Chen,Nayer,1.4,Male,B5310@paytm,60,Pearson,QG72oq7424
569,6645982013,Addy,Levett,3.3,Female,t5910@paytm,74,Londonderry,ZT92aj0484
570,1807511883,Burnaby,Ellams,3.1,Male,w5910@paytm,61,Westend,TP62rc9414
571,5815015971,Rees,Caneo,1.2,Male,Z5710@paytm,29,Declaration,PN22ak9454
572,9114904342,Kore,Leibold,3.2,Female,C5410@paytm,46,Caliangt,GM52iv8434
573,9349413821,Kayla,Arkwright,2.7,Female,Z5010@paytm,44,Mockingbird,UJ62jc1424
574,7421563364,Demetra,Welbeck,2.4,Female,i5310@paytm,77,Eagle Crest,BU52ls7414
575,6919010030,Bevan,Albro,1.0,Male,a5210@paytm,45,Welch,AK02rs9464
576,9698573465,Guthrie,O'dell,4.3,Male,J5610@paytm,19,New Castle,HB22rd3464
577,3533338580,Gabriel,Sambells,1.1,Female,N5110@paytm,48,Eggendart,ZU52cy5464
578,9476749150,Darcy,Brangan,1.7,Female,x5210@paytm,70,Upham,HF72mt3494
579,4659059049,Raymond,Benford,1.8,Male,A5310@paytm,29,Coleman,MR82qr4414
580,6252211405,Howard,Landsborough,1.4,Male,g5410@paytm,82,Sheridan,HE92cb6444
581,4731959796,Dare,Double,1.9,Male,A5410@paytm,76,Grover,VZ22lk6434
582,1872492164,Elston,Firpo,3.9,Male,C5410@paytm,42,Warrior,XB02lc2444
583,1561861872,Jaclin,Di Giacomo,2.5,Female,z5210@paytm,65,Burrows,CC42wt3474
584,9131463743,Maegan,Ortsmann,1.1,Female,Z5910@paytm,18,Rieder,EF22rk4454
585,8062919213,Salomon,Garza,1.5,Male,N5110@paytm,71,Milwaukee,FT32xo0444
586,5558368474,Lucretia,Belitz,1.9,Female,Z5310@paytm,57,Loftsgordon,AA92ku9464
587,8632806203,Creighton,Yakushkin,2.2,Male,N5710@paytm,84,Summit,HH02ha6424
588,7046707713,Zachary,Colliford,4.9,Male,H5810@paytm,46,Sutherland,EI42yc2474
589,5137989201,Leonardo,Barthrop,3.9,Male,t5510@paytm,40,Laurel,WG82dh4464
590,6876222155,Camellia,Gagie,4.5,Female,b5010@paytm,43,Calypso,UX12zu3424
591,4779639694,Atalanta,Leask,3.0,Female,t5710@paytm,83,Gateway,WI12hd4454
592,1911655412,Anderea,Alexsandrev,2.6,Female,Q5610@paytm,26,Corscot,SO32ru1444
593,8473172679,Edita,Tavinor,3.2,Female,C5110@paytm,47,Vera,YH32gi2414
594,4308065875,Curr,Snel,3.1,Male,M5810@paytm,21,Melby,QC02in8484
595,4193447336,Jacquelyn,Hillhouse,4.1,Female,h5910@paytm,75,Express,TJ02qk3404
596,1692723284,Bond,Londesborough,3.2,Male,H5110@paytm,84,Straubel,VN42lg4434
597,7726155764,Domenic,Lawlee,1.2,Male,B5310@paytm,80,Mcguire,ES02yy5424
598,7801221174,Sharyl,Franzettoini,4.2,Female,J5510@paytm,65,Continental,GI32mi4414
599,6238503973,Brennen,Curtayne,4.1,Male,t5810@paytm,90,Barby,EC72og2494
600,7011554096,Thornton,Wrotchford,1.9,Male,g5110@paytm,66,Vera,SW22rk7494
601,9655736802,Erica,Marcombe,2.5,Female,U5310@paytm,78,Waywood,IQ72bt9474
602,8882814562,Tova,Ricciardo,4.3,Female,n5910@paytm,21,Haas,DV62tl5404
603,9879821050,Marieann,Mealham,4.0,Female,w5710@paytm,33,Evergreen,HR22ab0484
604,9948675455,Natal,Manolov,2.7,Male,r5710@paytm,87,Bartelt,MV22ex6444
605,5477677856,Mable,Frangello,4.9,Female,V5410@paytm,35,Lyons,IV52cz0434
606,1304061198,Pietrek,Baff,2.7,Male,K5510@paytm,36,Kenwood,SN22kz5424
607,1692808001,Fiann,Whitten,1.4,Female,h5210@paytm,69,Lakeland,KO72lk4464
608,3127952464,Preston,Collocott,3.0,Male,z5710@paytm,21,Erie,UA22ps2454
609,6447820014,Monte,Habens,4.0,Male,Q5210@paytm,88,Kropf,GY72pj9494
610,6404860974,Gaspar,McShirie,3.7,Male,R5610@paytm,24,Arapahoe,VO52dk0404
611,8306478173,Bobbie,Arrowsmith,3.5,Female,K5910@paytm,72,Burrows,KJ72eh4464
612,9231352947,Hewie,Faich,3.4,Male,p5610@paytm,76,Roth,LX12ht5484
613,8561190293,Margarete,Prodrick,2.2,Female,B5110@paytm,41,Boyd,FH92oa0404
614,4726386461,April,Castanone,2.3,Female,v5510@paytm,43,Evergreen,RT82ts8444
615,1407461627,Iver,Scatchard,2.4,Male,O5810@paytm,64,Gina,DH12tw7444
616,9077225269,Milton,Girdlestone,2.1,Male,m5310@paytm,18,Bonner,TC32jq3464
617,3402158749,Horst,Briton,3.0,Male,w5810@paytm,81,Toban,VK82gt7414
618,2122886296,Lora,Hargroves,1.4,Female,I5410@paytm,67,Manitowish,VR12xz9464
619,6892311810,Anthony,Wernher,3.6,Male,j5610@paytm,42,Pond,XZ72pg1464
620,7471852389,Suzanne,Horsell,1.2,Female,V5410@paytm,36,Beilfuss,PO32dq8424
621,7183187654,Kaiser,Jayne,3.1,Male,C5710@paytm,49,Merchant,SE82dr3444
622,8229396696,Gipsy,Labbett,4.0,Female,g5010@paytm,44,Killdeer,QR22rm3434
623,1523890533,Calhoun,Wilmut,4.7,Male,h5110@paytm,56,Tony,JH82wu3464
624,8056843490,Roddie,Di Biasi,2.1,Male,H5510@paytm,83,Riverside,JD22lt8434
625,9133808195,Theresa,Rzehor,2.0,Female,j5210@paytm,41,7th,NW82ei8494
626,1211457534,Herminia,Bunyan,1.8,Female,A5210@paytm,63,Sunbrook,RO52uh2484
627,4193888537,Aida,Topham,4.2,Female,w5010@paytm,39,Havey,BC32mh5414
628,3858039681,Celestine,Beincken,4.9,Female,i5210@paytm,43,Waywood,TV72gs1474
629,5951660994,Jarret,Noury,1.5,Male,c5210@paytm,70,Blue Bill Park,ZS32co6454
630,1661104046,Myrlene,Ofener,4.4,Female,W5310@paytm,34,Starling,BR32im9474
631,2672387749,Rona,Gyurkovics,1.5,Female,H5910@paytm,77,Kensington,GU32hk3414
632,7586072795,Althea,Goldup,2.6,Female,S5510@paytm,61,Truax,PJ52ru0474
633,5729788763,Denni,Saltern,1.9,Female,Q5310@paytm,75,Mallard,OX22lv7484
634,1844319095,Robby,Grubbe,1.0,Female,D5310@paytm,83,New Castle,YE22qw0484
635,1485259476,Frederic,Coutts,4.1,Male,D5510@paytm,46,Hintze,IP52nz8424
636,9026084354,Bartolomeo,Woodberry,4.7,Male,i5210@paytm,86,Dawn,DV92ua4444
637,4064472368,Sheppard,Marjanski,4.2,Male,e5710@paytm,86,Bunting,BO12ye1404
638,9773622359,Thia,di Rocca,4.5,Female,R5310@paytm,67,Northridge,PF12qj2474
639,2935353080,Ephrem,Shanks,4.4,Male,x5010@paytm,24,Rigney,VN12gg5404
640,4567658873,Feodor,Santus,2.9,Male,Z5310@paytm,66,6th,UQ62ux6424
641,7503950379,Barny,Leban,3.2,Male,Q5210@paytm,33,Sage,ZB52rr8484
642,9958180781,Hedi,Lill,2.9,Female,O5410@paytm,32,Hoepker,VK52oc6474
643,6426913168,Doe,Robel,4.8,Female,d5310@paytm,75,Bellgrove,QW22lj2484
644,6122782889,Quintana,Hollington,1.6,Female,i5010@paytm,58,Maywood,JY42yu8464
645,6874718463,Hermie,Gremain,2.2,Male,Z5410@paytm,64,Merry,VU52em5484
646,3316351759,Margeaux,Shelmardine,2.6,Female,Q5010@paytm,79,Shoshone,NN42rd6494
647,2291664974,Meg,Houten,4.9,Female,o5310@paytm,27,Sachtjen,HH82zg7484
648,3558800440,Ignazio,Norgan,4.3,Male,a5210@paytm,80,4th,EO62lt5434
649,4151077195,Etheline,Rozier,3.9,Female,H5010@paytm,44,Homewood,BK32mz9474
650,1947723120,Goraud,Ellesmere,3.9,Male,w5910@paytm,74,Summerview,OJ52og4434
651,7573428714,Deane,Korejs,1.8,Female,K5510@paytm,44,Holy Cross,MB02pn1414
652,7898006893,Rubin,Wolfenden,1.3,Male,M5310@paytm,75,Bobwhite,BZ92de2424
653,1368808083,Corrina,Murley,4.6,Female,C5310@paytm,70,Harbort,JL22dm7404
654,5734934182,Symon,Auletta,4.1,Male,d5410@paytm,20,Ridge Oak,JG22dj4464
655,6253181198,Bevon,Savery,1.8,Male,l5910@paytm,24,Bay,DS32mz2454
656,9961976712,Wyatt,Rossin,2.1,Male,Z5710@paytm,70,Tomscot,XP82iq2414
657,4663427039,Kirby,Smallpeace,2.0,Female,M5110@paytm,76,Dixon,UU52bz4414
658,7798163476,West,Pollie,2.4,Male,A5010@paytm,74,Pankratz,AS72fh6424
659,7367501147,Otto,Bahlmann,3.3,Male,L5710@paytm,38,Vidon,ZI52sz0424
660,6292103163,Ruby,Atkirk,4.9,Female,u5110@paytm,54,Melvin,FT02jj7404
661,1923939857,Bird,Blowfield,1.8,Female,B5510@paytm,65,Reinke,OA22cp4464
662,4985494484,Zea,Lacroutz,2.2,Female,p5310@paytm,29,Old Gate,VM82yy4454
663,4843565737,Aarika,Farlow,3.0,Female,O5210@paytm,62,Vernon,SD42hj4414
664,2537363800,Kippy,Drezzer,4.9,Female,L5510@paytm,44,Melby,IK52sr5474
665,1511079201,Jackie,Slatford,1.2,Female,X5410@paytm,78,Sunnyside,UD32jf5424
666,5419621910,Udale,Mintoft,3.4,Male,p5310@paytm,34,Pine View,DS82kb5464
667,3574046120,Laurence,Winkless,2.1,Male,c5310@paytm,36,Haas,HZ62ob3424
668,1885184095,Osbourn,Fordham,1.5,Male,P5710@paytm,66,New Castle,HA82ya5434
669,3546948835,Gwenora,Fahrenbacher,3.4,Female,x5910@paytm,82,Caliangt,JK32yr2454
670,1798138615,Ruben,Gravell,3.1,Male,L5910@paytm,73,Debra,FL92ts8464
671,8131106619,Claus,Rubinek,1.9,Male,T5210@paytm,43,Hovde,JF42so9494
672,8193537193,Padget,Tracey,1.2,Male,g5310@paytm,74,Parkside,AW72sr6414
673,9259352422,Samuel,Dabbes,1.6,Male,m5810@paytm,21,Mendota,NR12ei3444
674,4263254228,Ainslie,Lambin,4.9,Female,G5110@paytm,22,Spaight,OA42im1434
675,3202567259,Beret,McIan,2.6,Female,v5610@paytm,46,Vernon,UZ32np9424
676,1307003067,Ado,Axe,1.5,Male,z5310@paytm,29,Green,IM62dk7444
677,9566836385,Avigdor,Collcutt,2.4,Male,i5010@paytm,29,Gerald,UO12jj3464
678,1155551596,Kenyon,Davydoch,3.9,Male,q5410@paytm,75,Rutledge,UG02dz9444
679,2029181091,Donni,Speek,1.0,Female,q5410@paytm,89,Browning,LQ82pc2414
680,3184007025,Mariska,Teodori,1.6,Female,s5110@paytm,28,Lighthouse Bay,LA52xh9404
681,6221644701,Alfredo,Harry,4.6,Male,C5910@paytm,30,Almo,NP62jg7454
682,7467657934,Oswald,Eddowis,2.1,Male,X5610@paytm,58,Crownhardt,KF82hk8414
683,2849570975,Andreana,Windeatt,3.8,Female,U5010@paytm,38,Judy,ZC32gy0444
684,6243377795,Leroy,Opy,1.3,Male,U5910@paytm,87,Clove,YR82sw4434
685,9139465609,Anselm,Hablet,2.5,Male,c5610@paytm,54,Marcy,SN42cf1434
686,3894963560,Ripley,Peto,4.3,Male,a5310@paytm,42,Colorado,BQ92gd2404
687,1981021194,Tove,Garford,1.4,Female,a5910@paytm,36,Holmberg,LH32mq6494
688,4674497355,Jasmine,Bugbird,3.2,Female,y5910@paytm,76,Oak,LN92ot5414
689,3631373235,Towny,Loweth,3.8,Male,K5510@paytm,38,Claremont,TP02se8444
690,4406021690,Tanny,Hazard,2.4,Male,K5710@paytm,25,Amoth,SQ22rs2424
691,1287744552,Analiese,Glennard,1.8,Female,Q5810@paytm,65,Dorton,JY22kg1404
692,7757881252,Alicia,Gauvin,3.0,Female,d5410@paytm,49,Rockefeller,EB92xu8414
693,7747471011,Sol,Gleeton,4.3,Male,T5610@paytm,24,Thackeray,VT12zw1494
694,6354103281,Marcela,Redfern,3.6,Female,Y5810@paytm,78,Transport,GY52ce9404
695,5189700426,Lesly,Dran,1.8,Female,l5710@paytm,41,Arapahoe,IB52xx6414
696,1988142833,Sharlene,Kirsch,4.7,Female,k5710@paytm,81,Dawn,GA62nv0464
697,2525806510,Sayer,Staley,4.0,Male,e5310@paytm,66,Lillian,EG22eb4454
698,9648855523,Beatriz,Goddman,3.5,Female,T5210@paytm,61,Melby,NV42yl7484
699,7376242678,Holly,Harness,2.5,Male,I5310@paytm,77,Russell,MW82wt5434
700,5127243106,Rivi,McIlvenna,3.0,Female,C5810@paytm,63,Sunnyside,LS92nc4484
701,1391024592,Boycey,Stennings,2.0,Male,Q5210@paytm,69,Chinook,SZ82ki3444
702,3211040897,Morris,Hazzard,1.8,Male,C5610@paytm,80,1st,XS22jz1424
703,8367524086,Kailey,Ablewhite,1.1,Female,h5310@paytm,59,Stephen,KT12qp1484
704,1796241241,Emyle,Justice,4.0,Female,S5310@paytm,50,Butternut,MZ12ow0424
705,6355256542,Tremain,Maskill,2.4,Male,P5710@paytm,69,Logan,EI92uh3454
706,5311693985,Astra,Race,3.9,Female,X5010@paytm,56,North,II82wd6404
707,2131131971,Brodie,Govey,1.6,Male,o5510@paytm,34,Delladonna,KW82ym4404
708,3751205726,Jammie,Brandham,3.7,Female,z5310@paytm,67,Hanson,VY62zu1484
709,7574897554,Conrad,Stillwell,2.6,Male,y5510@paytm,62,Oneill,ZA32su3424
710,5129874923,Uriel,Blesing,2.8,Male,N5910@paytm,58,Paget,UO62cx1414
711,9254430898,Bryana,Kersey,4.6,Female,V5610@paytm,42,Trailsway,QY12of2474
712,4795146178,Angele,Vayro,4.0,Female,J5210@paytm,59,Lillian,RI42ta3404
713,2838119152,Micaela,Swallow,2.0,Female,E5810@paytm,43,Anzinger,GG22sk9464
714,7527462358,Toby,Blowing,1.1,Female,P5610@paytm,26,Village Green,WX72rr5464
715,2106729014,Minnnie,Furney,1.3,Female,c5410@paytm,79,Esker,RB62az4484
716,9344943366,Brock,Mattocks,1.2,Male,b5410@paytm,52,Hazelcrest,HN02cb0404
717,5411653796,Carce,Ungaretti,2.2,Male,x5110@paytm,40,Corscot,LE32oy6494
718,2219147871,Fianna,Coltman,4.4,Female,q5010@paytm,50,Basil,QK72ko7414
719,1617236644,Cecil,Beardsdale,1.9,Female,J5710@paytm,38,Ryan,CU42da5494
720,9152524200,Wheeler,Clemente,1.4,Male,d5910@paytm,62,Bellgrove,XJ32dq9484
721,1057724628,Arel,Fee,3.8,Male,o5410@paytm,56,Old Gate,VJ72ui8404
722,1313824916,Ingaborg,Tembey,5.0,Female,S5910@paytm,75,Springs,XE82qc7494
723,9587016694,Kirby,Monaghan,1.3,Male,n5910@paytm,56,Mandrake,RJ62kp8454
724,5807787721,Lek,Willacot,1.2,Male,r5710@paytm,54,Bellgrove,UW82zv9474
725,3363035412,Rowan,Jefferys,1.9,Male,n5010@paytm,37,Canary,VU02vz0454
726,7611477263,Rebekah,Baldazzi,2.2,Female,W5310@paytm,76,Kennedy,XM52av2474
727,9599270933,Marten,Bretelle,2.4,Male,e5710@paytm,28,Graedel,YH72qh8464
728,1409459852,Amabel,Tulk,3.6,Female,o5710@paytm,34,Stone Corner,AL22ck7484
729,1596186635,Katalin,Elegood,3.3,Female,m5210@paytm,42,Fordem,WY62zk6414
730,4087447461,Ashlan,Ablewhite,3.6,Female,y5210@paytm,59,Rowland,DJ62sa1424
731,2088115585,Nancee,Laurenceau,3.9,Female,J5910@paytm,76,Sherman,DK62ph9454
732,5117896053,Husain,Grumbridge,2.3,Male,T5210@paytm,19,Westridge,VJ02tq5464
733,5621077098,Cathee,Chasmer,4.4,Female,x5410@paytm,29,Blackbird,VS32db0444
734,5621323692,Felicity,Lawranson,3.8,Female,a5910@paytm,75,Morrow,GZ52zs7444
735,9364108732,Erik,Bantick,4.4,Male,A5310@paytm,40,Sage,RS42po8484
736,5518970213,Eldon,Cobon,2.5,Male,n5410@paytm,76,Atwood,GM12vs8474
737,2543095840,Robinson,Notton,1.7,Male,O5710@paytm,67,Hovde,XY22ek7494
738,5583259093,Reade,Sandever,2.1,Male,I5410@paytm,18,Gulseth,SB22ck8494
739,7082066973,Mariejeanne,Mcwhinney,4.9,Female,z5410@paytm,70,Briar Crest,BR12yc4414
740,8276265861,Crystal,Bowbrick,1.3,Female,h5710@paytm,69,Roth,TM62wz4454
741,2977172425,Iggie,Tafani,3.6,Male,c5010@paytm,62,Anthes,KU52cd8454
742,2201673746,Darbee,Wharrier,2.9,Male,p5510@paytm,81,Butternut,GF62bt6454
743,4231140251,Vanya,McNab,1.5,Male,s5110@paytm,76,Sloan,EN02cj4444
744,2585493645,Yale,Sorrill,3.1,Male,p5610@paytm,43,Marquette,QG92pn5464
745,4069284386,Evvy,Machent,2.2,Female,E5910@paytm,73,Dovetail,PI92xw1474
746,6201459836,Dallas,Baudesson,4.0,Male,X5410@paytm,48,Shelley,RY72fr0494
747,3027181907,Daisey,Gherarducci,2.1,Female,c5310@paytm,62,Eagan,RN02ca8434
748,9616086690,Coreen,Stilgo,2.8,Female,P5810@paytm,27,Ridgeway,ED72le4484
749,1714319483,Cathe,Geall,1.1,Female,E5710@paytm,39,Hanson,TE62sk0414
750,3745033346,Camile,Ratazzi,4.0,Female,P5710@paytm,55,Carioca,ED82op7444
751,6458791632,Elsa,Palfrie,1.8,Female,l5810@paytm,56,Lakewood,IL22nz6484
752,4252521989,Xavier,O' Borne,2.9,Male,t5810@paytm,50,Quincy,AV52vp8414
753,2209186262,Abelard,Mufford,1.3,Male,H5410@paytm,72,Dexter,UP92oz4404
754,8272705769,Helyn,Gromley,1.4,Female,t5310@paytm,63,Redwing,FF52ef0444
755,6334986378,Brigham,Sarath,2.9,Male,R5010@paytm,24,Evergreen,KK52iy3494
756,6549795049,Ansell,Filipov,1.5,Male,u5110@paytm,19,Brown,KN02df3454
757,8021021081,Armand,Ghiraldi,1.9,Male,Q5410@paytm,75,David,GG12xj5444
758,8729821375,Melantha,McCathie,2.1,Female,h5210@paytm,82,Walton,WW42lo1414
759,8169054466,Franklyn,Loveitt,1.5,Male,I5710@paytm,54,Warrior,CD92gx0434
760,2347414116,Paulie,Martschke,2.2,Female,g5010@paytm,44,Redwing,SY72bp0424
761,1462067539,Isadora,Abbess,1.8,Female,n5810@paytm,51,Acker,XY82hd5414
762,3035218042,Goran,Zarfat,3.7,Male,G5910@paytm,24,Hovde,CE92hx4464
763,7865045848,Lorrie,Bleue,2.8,Male,c5010@paytm,44,Village,BE82do6414
764,1168774718,Jasmine,McQuorkel,1.8,Female,W5910@paytm,80,Dakota,SF12gt9454
765,1067216320,Faustina,Brimman,4.7,Female,u5310@paytm,25,Lyons,VY32tc8434
766,4239342651,Janaya,Ralton,3.8,Female,Q5110@paytm,39,Sundown,BR22vm0474
767,4694201435,Stephannie,Augie,2.2,Female,s5510@paytm,89,Kropf,JM52lo3404
768,5602348232,Chloette,Aucott,2.0,Female,A5510@paytm,79,Elka,NK22tn3414
769,6721009395,Barbara-anne,Rubinsztein,4.0,Female,V5610@paytm,86,Amoth,QJ72se4444
770,1928421837,Thea,Libermore,2.7,Female,l5710@paytm,20,Southridge,EV82yw2424
771,9841883080,Arden,Layzell,3.6,Female,w5110@paytm,86,Northland,UN82sz8444
772,2668065832,Nicko,Saville,2.4,Male,h5210@paytm,90,Bluejay,XW72hf4474
773,5582709645,Brandise,McArley,2.4,Female,F5910@paytm,63,Twin Pines,VT12ih5494
774,4443914206,Crawford,Greenshiels,2.9,Male,e5910@paytm,32,Portage,AZ02wn9484
775,5657348294,Wyatt,Gariff,4.5,Male,B5310@paytm,18,Stoughton,TH02iz1494
776,1392705470,Emilee,Stichall,2.7,Female,b5610@paytm,31,Oak,WG22mk8434
777,5745567331,Calhoun,Gentner,2.1,Male,V5510@paytm,55,Prentice,MN12xz1414
778,2434651329,Lynelle,Lambrechts,3.2,Female,z5810@paytm,78,Corben,DW02rm3484
779,3457598577,Jacquelynn,Lyster,3.4,Female,C5210@paytm,81,Messerschmidt,TS22kt8444
780,9186611970,Stephani,Newnham,3.3,Female,U5010@paytm,27,Vermont,QJ92md4404
781,3411744371,Derrik,Junkin,3.9,Male,b5510@paytm,87,East,TR62ks7474
782,8061813594,Petronia,Petrulis,4.0,Female,u5610@paytm,66,6th,VI62fp8454
783,5543475077,Kerrin,Dupree,2.8,Female,j5010@paytm,68,Graedel,FJ12pg3474
784,1315409583,Warner,Darco,3.9,Male,S5610@paytm,34,Laurel,FE32yx5434
785,8614740975,Chaddie,Rigglesford,4.7,Male,d5210@paytm,39,Jackson,BU92ja6484
786,4285040210,Tucky,Netherclift,4.2,Male,F5410@paytm,26,Eliot,NF22nq9464
787,7617881184,Kiele,Whiteson,4.5,Female,h5510@paytm,64,Amoth,ES92pn2414
788,4051885533,Tomasina,Gillmore,3.6,Female,e5310@paytm,85,Porter,QZ92tl9444
789,2102293591,Jeremias,Filippo,2.8,Male,d5410@paytm,81,Luster,WM82fx6434
790,6101540436,Hetti,Nixon,1.9,Female,g5410@paytm,57,Arkansas,FT32cb0464
791,7449303532,Coralie,Outerbridge,1.9,Female,F5110@paytm,73,Grayhawk,UH32aa6404
792,8473471840,Benny,Lemasney,1.7,Male,X5210@paytm,32,Kingsford,CZ62pt1444
793,3856224024,Edsel,Veness,4.0,Male,K5310@paytm,41,Washington,WQ72ld2434
794,3563464018,Clayson,Kennett,4.3,Male,t5210@paytm,52,Erie,XS82pp9494
795,8522498673,Salim,Knappett,4.2,Male,M5710@paytm,87,Continental,AS82lh1474
796,7843025641,Shadow,Pheasey,3.6,Male,S5110@paytm,47,Buell,BB52jh3494
797,4734162648,Loralyn,McGiveen,3.4,Female,V5210@paytm,70,Starling,IO32zw1454
798,5009954150,Livvie,Ranyell,4.9,Female,R5710@paytm,75,Bluejay,CV82jo1494
799,1338910422,Wesley,Livingston,3.4,Male,W5610@paytm,72,Spohn,EP32qo5404
800,2624453752,Beatrisa,Hew,2.2,Female,Y5610@paytm,38,Northview,NP32rs5424
801,3788450952,Gideon,Kerner,3.2,Male,Q5610@paytm,37,Old Gate,DD72uq6464
802,6125148610,Paolina,Fearnsides,2.3,Female,t5610@paytm,75,Waubesa,MV22vo7434
803,1287051857,Kristian,Abbotts,1.9,Male,z5610@paytm,35,Forster,TX02iv9474
804,9781278838,Alejoa,Haining,3.6,Male,p5910@paytm,26,Ridge Oak,TT32mf1414
805,5225544959,Paxon,Werner,1.7,Male,N5510@paytm,42,Packers,SE82wv0474
806,7624718778,Francklyn,Fortescue,2.3,Male,D5910@paytm,55,Myrtle,PR62go9444
807,5553063124,Abel,Rigolle,4.0,Male,z5510@paytm,58,Lillian,XZ42ca4474
808,2112514529,Haze,Cattanach,4.6,Male,m5810@paytm,52,Blue Bill Park,VY72js2434
809,2946934934,Linoel,Houdmont,1.7,Male,Q5110@paytm,61,4th,WX32tf1444
810,8458787492,Marthe,Wills,4.1,Female,T5210@paytm,86,Mayfield,IH42gw6444
811,7921722027,Adan,Branchet,3.7,Male,x5910@paytm,87,Surrey,CS02ms8484
812,7271604989,Jermaine,McCotter,2.3,Male,t5210@paytm,82,Buhler,WH82gm3424
813,4507097223,Zaria,Scoggins,4.9,Female,S5410@paytm,40,Old Gate,FB32cb3414
814,7876937520,Kendal,Warbeys,4.2,Male,K5710@paytm,39,Oxford,UB72lh8474
815,1092777768,Thibaud,Kirsop,2.3,Male,s5710@paytm,25,Donald,NB12hw2454
816,9708703428,Maurits,Donkersley,2.4,Male,u5310@paytm,82,Hudson,HH22mv6434
817,7342846279,Ophelie,Forsdyke,3.4,Female,i5310@paytm,63,Westport,PF02ro3474
818,3871695607,Sebastian,Morgans,4.7,Male,q5210@paytm,20,Coleman,VW52la3424
819,6528761915,Cello,McCartan,2.8,Male,B5010@paytm,42,Leroy,TV02ze9454
820,1891341166,Brad,Macek,1.3,Male,v5110@paytm,80,Mariners Cove,UE52je5484
821,5318840531,Beniamino,Lukehurst,4.9,Male,p5910@paytm,19,Hanson,ZE82xh5414
822,6312153523,Ainsley,Meriguet,1.9,Female,j5810@paytm,36,Bartillon,UH62im9424
823,5512989877,Stearne,Crommett,3.5,Male,W5510@paytm,46,Caliangt,UD02du8464
824,8985718104,Llywellyn,Berrington,4.8,Male,M5910@paytm,20,Brickson Park,NT42po6404
825,7142301835,Leeann,Verillo,2.2,Female,K5010@paytm,52,Harper,AN92yp6414
826,5675543894,Quincy,Horrigan,3.7,Male,H5210@paytm,89,Vera,NV52vp5474
827,9283551994,Grazia,Tatershall,4.4,Female,w5310@paytm,52,Linden,PV12tj5464
828,6617513151,Lou,Barles,3.2,Female,i5810@paytm,24,Corry,PW42jz5454
829,6884387873,Gilligan,Girardey,2.3,Female,i5510@paytm,81,Trailsway,KQ42pm4454
830,6395254476,Joletta,Braybrooke,1.2,Female,r5510@paytm,47,Judy,KF92rt6484
831,3275750785,Rodrique,Pauls,2.1,Male,f5410@paytm,88,Browning,KT32ac9414
832,6798007008,Caleb,Assante,4.0,Male,H5510@paytm,51,Lakewood Gardens,JA62gj9454
833,7284097033,Roselia,Eke,1.7,Female,V5910@paytm,89,Green,VU02de6424
834,6163865259,Thoma,Waber,1.9,Male,r5010@paytm,76,Coleman,HB42fx8424
835,7857689140,Huey,Pickover,4.8,Male,m5810@paytm,24,Artisan,HY22kv1454
836,4269303547,Rowan,Henriquet,3.4,Male,h5110@paytm,30,Melvin,OL72ux8474
837,5384313716,Barn,Burbage,3.6,Male,M5610@paytm,65,Kingsford,SV52kn6484
838,2721899479,Roslyn,Kimbury,1.2,Female,k5410@paytm,72,Transport,EN42hv0444
839,2704860975,Myra,Wannop,3.1,Female,y5010@paytm,24,Heffernan,VY52sg6404
840,1391678111,Any,Bigby,4.1,Male,H5910@paytm,27,Prairieview,ZM42gg3484
841,1275002927,Conrade,Sitlinton,3.1,Male,j5210@paytm,23,Riverside,MX52oo0444
842,6627169644,Gwyn,Jillings,2.5,Female,L5510@paytm,58,Colorado,DO22tb6404
843,4889205667,Angy,Boothman,3.3,Female,C5510@paytm,29,Vidon,MX82mq1444
844,8327823235,Aloysius,Joffe,2.8,Male,X5310@paytm,19,Blackbird,YJ12un4494
845,5199000120,Hannah,Grassi,1.6,Female,D5410@paytm,24,Eggendart,CC02rj1414
846,1781664201,Erica,Dixsee,2.0,Female,z5310@paytm,47,Vernon,XI02zf8464
847,3243004650,Dorothee,Toynbee,2.1,Female,n5010@paytm,81,Division,GO22ng1444
848,1596008496,Vinny,Hurley,3.1,Male,A5910@paytm,65,Petterle,ND62hi6484
849,7139913959,Sylvester,Mapham,4.4,Male,B5310@paytm,64,Sloan,GL02iq7424
850,3067627245,Holt,Coffey,3.5,Male,d5810@paytm,38,Canary,FA72sr9434
851,2707211074,Aleksandr,Kean,4.2,Male,u5710@paytm,42,Armistice,TP62dg9424
852,9879457337,Sabine,Tregunnah,3.8,Female,C5810@paytm,42,Shopko,MA22cg8434
853,2388262859,Parry,Ranfield,1.2,Male,x5710@paytm,63,Harper,AL82lu1424
854,8835476015,Hillary,Dittson,4.5,Male,Q5710@paytm,76,Ronald Regan,CK82uo2434
855,8769036749,Leena,Wolstencroft,3.0,Female,F5810@paytm,27,Badeau,FE52nk9434
856,1558913144,Laverne,Pairpoint,3.9,Female,h5710@paytm,48,Sutherland,AD92kj0414
857,6845742635,Kordula,Matheson,2.8,Female,i5510@paytm,43,Shelley,MR92fw5484
858,6023462929,Myrle,Zuenelli,1.5,Female,o5110@paytm,28,Elgar,SO12xt8404
859,2702426831,Vanni,Aust,1.3,Female,E5410@paytm,52,Monterey,PU72eb1434
860,1016090330,Aliza,Junkinson,2.4,Female,O5610@paytm,18,Transport,VZ22mb7484
861,2985006432,Christel,Macveigh,1.0,Female,m5610@paytm,47,Loftsgordon,SI62ct1484
862,8399322744,Julian,Castel,2.5,Male,P5110@paytm,59,Dapin,IR42dl9464
863,2974544154,Jule,Drillot,2.2,Male,M5910@paytm,53,Autumn Leaf,QT52wg5454
864,5384441447,Roberta,Fowden,1.7,Female,h5410@paytm,63,Lien,KV52jx3474
865,1766505993,Claire,Berthomier,1.1,Male,j5810@paytm,23,Sauthoff,QS12kj4444
866,4461090075,Eleanora,Normavell,1.3,Female,K5910@paytm,55,Brickson Park,IW32jx9444
867,8847366539,Phillis,Stobbes,2.2,Female,U5410@paytm,46,Petterle,YX02jh6474
868,4407249222,Izaak,Mealing,3.4,Male,w5910@paytm,69,Oriole,ID92zx3494
869,3603149263,Zsazsa,Fulop,4.9,Female,X5510@paytm,68,Killdeer,FD32hr9454
870,9573268325,Malory,Arniz,1.9,Female,D5810@paytm,66,Coleman,UZ22tf6424
871,4251404446,Sandor,Havenhand,3.7,Male,o5310@paytm,43,Dapin,QS12ld6464
872,7456720485,Chaddy,Springate,2.1,Male,Z5610@paytm,80,Bultman,FR42az3454
873,2166149164,Rosella,Alldread,2.1,Female,F5510@paytm,48,Corscot,PX52ho9424
874,1553950784,Tam,Hewins,4.8,Male,x5210@paytm,45,Northview,QN92fk1444
875,4167446123,Zarah,Davydychev,4.3,Female,J5710@paytm,27,Tony,NB62zk1404
876,4484130592,Heywood,Hevner,1.9,Male,f5010@paytm,28,Ilene,OW72tm9444
877,2919712374,Carmella,Richemond,2.9,Female,k5610@paytm,58,Melby,VZ02wl2464
878,6933203218,Lezley,Weinham,2.1,Male,C5810@paytm,36,Anhalt,HE42sh6464
879,4304800661,Ursa,Aimeric,3.3,Female,Q5510@paytm,54,Upham,SM22vz9494
880,3478623676,Margo,Hanselmann,4.5,Female,Z5610@paytm,82,Pepper Wood,DI72qr5484
881,4266162809,Hastie,Blouet,2.4,Male,p5210@paytm,82,Pepper Wood,TH42zm2444
882,4728487325,Sherry,Figure,1.6,Female,H5510@paytm,59,Utah,VP62rs7414
883,8479427286,Lauree,Wyatt,1.3,Female,L5710@paytm,59,Loftsgordon,NC02mc0494
884,4313768117,Sabine,Bowdidge,3.4,Female,b5010@paytm,26,Golf View,VA42tx1404
885,1412410742,Skippie,Lundon,4.9,Male,X5410@paytm,44,Mayfield,HJ52do9424
886,7024479072,Saul,Gregore,2.7,Male,M5410@paytm,57,Homewood,WW32et1474
887,8892913204,Ganny,Claris,3.0,Male,G5010@paytm,49,Susan,VS62vv6464
888,4971537663,Eleanore,Sarah,2.2,Female,s5910@paytm,44,Burning Wood,YM52ot5404
889,2122875981,Zuzana,Widdowfield,4.2,Female,Q5410@paytm,77,Utah,OH22fj0404
890,4056988896,Federico,Jennaway,4.1,Male,v5610@paytm,59,Eastlawn,DO12eq8434
891,9734279636,Allard,Daldry,1.5,Male,j5010@paytm,19,Jackson,DT82dl5484
892,3205133480,Tadeas,Scardafield,4.3,Male,N5010@paytm,88,Roxbury,QQ12yu1414
893,2806165793,Phaedra,Lowings,4.4,Female,o5610@paytm,78,Mandrake,KN12lo9414
894,4071380518,Betteanne,Crofthwaite,4.9,Female,a5210@paytm,90,Eagan,DF62ix0404
895,2907748827,Angela,Hoffner,4.1,Female,E5910@paytm,48,Di Loreto,XC12hy5484
896,7732940661,Fidela,Speller,4.7,Female,y5910@paytm,65,Rigney,KP42vy0404
897,7275692927,Raimundo,Rugge,4.9,Male,d5010@paytm,32,Kedzie,FC12gl7434
898,4852810482,Annadiana,Frostdyke,2.3,Female,c5510@paytm,70,Summer Ridge,GE22nw3424
899,1897221850,Olympe,Lapley,1.8,Female,m5810@paytm,46,Transport,PS12ez3444
900,3881794256,Torrance,Forkan,2.3,Male,R5410@paytm,68,Eastwood,UL02dl6414
901,4292065163,Emelina,Grafhom,1.6,Female,B5310@paytm,56,Lyons,EK82fv2404
902,9597117218,Amby,Bowe,2.2,Male,T5310@paytm,25,Bluestem,ZG72il0494
903,6602379377,Hayyim,Roll,5.0,Male,R5310@paytm,81,Hagan,ME22hd6414
904,4941236213,Chelsie,Cockshot,2.8,Female,m5210@paytm,66,Eggendart,ND22lo1414
905,5687695740,Ingunna,Postles,2.4,Female,N5510@paytm,19,Maple Wood,VE32ql8434
906,8619026175,Earlie,Grieger,4.3,Male,J5310@paytm,19,Orin,XJ12xz4424
907,7293731961,Janetta,Shilleto,1.3,Female,A5010@paytm,67,Fulton,SG72uw2414
908,7133231206,Derk,Hedditeh,1.6,Male,T5110@paytm,53,Weeping Birch,JY22pj9414
909,4863939127,Rochella,Bartosiak,4.4,Female,q5810@paytm,43,Fordem,UU42lg6454
910,9294718908,Adey,Juett,1.5,Female,O5810@paytm,24,Petterle,NI72iy1414
911,7949729951,Pia,Cromie,2.0,Female,x5310@paytm,21,Erie,LQ52tf8494
912,9995425053,Alfy,Shavel,2.0,Male,M5210@paytm,49,Macpherson,QL32za4424
913,9793642115,Cristian,Orknay,2.0,Male,l5910@paytm,71,Eagan,FK62rw7454
914,5396654601,Milly,Standbrook,2.5,Female,Q5510@paytm,38,Mandrake,XD32il4424
915,5624238320,Evy,Linsay,1.2,Female,I5710@paytm,32,Shopko,XB72dq8434
916,9918675436,Allistir,Hauxley,3.2,Male,Z5610@paytm,43,Maple Wood,EZ52wo7494
917,5252316900,Alistair,Varney,4.4,Male,Q5310@paytm,27,Jana,AM92uw0464
918,9325688457,Jessamyn,Elnor,2.6,Female,K5410@paytm,82,Briar Crest,HU22ho0464
919,1573862595,Nanice,Barnwall,3.9,Female,c5310@paytm,74,Schlimgen,PJ62hy1474
920,9925513797,Noam,Vonderdell,1.2,Male,F5210@paytm,85,Mesta,UK22ri6494
921,6539517652,Lexis,Topper,2.7,Female,n5210@paytm,83,Sheridan,QV72yy0444
922,8033721881,Cleve,Dufour,4.6,Male,A5210@paytm,63,Tony,TQ92va5474
923,3321692557,Kelsey,Ratlee,4.2,Male,J5510@paytm,37,Continental,XW62qy8444
924,4968795263,Katlin,Nehl,2.1,Female,B5310@paytm,38,Ohio,GX82ef4424
925,7176969842,Essie,Reardon,1.4,Female,d5810@paytm,68,Roth,CG12ci8494
926,2805223009,Esmaria,Jelf,2.2,Female,A5110@paytm,26,Twin Pines,CG52sf0404
927,6126579764,Broddy,Cordelet,3.7,Male,i5110@paytm,26,Moose,LE12ln3474
928,1065356437,Ravid,Kleinsinger,3.5,Male,L5010@paytm,23,Glacier Hill,ZU32sd3434
929,8386256079,Bea,Kemmer,1.4,Female,z5910@paytm,68,Hayes,MP52vr7444
930,7515114586,Ettie,Slane,1.8,Female,w5010@paytm,72,Dorton,FF82sy5404
931,4295371951,Anthiathia,McCurtin,3.9,Female,u5910@paytm,85,Hovde,VZ52fk8404
932,4297601652,Rosabelle,Lie,3.2,Female,J5610@paytm,58,Caliangt,EW32mv5424
933,3673995922,Ambros,Gherardesci,3.3,Male,D5010@paytm,44,Macpherson,KC02wi1434
934,2535196800,Cecil,Bilovus,3.6,Male,L5310@paytm,58,Barby,SI22pe8414
935,2643794481,Freida,Cowburn,1.0,Female,r5310@paytm,72,Spohn,XG62bz8414
936,3676177703,Chad,Wheal,2.2,Female,g5110@paytm,80,Bunting,UV52eg8404
937,6079441875,Frederich,Bonafacino,3.2,Male,H5110@paytm,42,Washington,KE82mp6414
938,9943180050,Carroll,Klyner,1.8,Male,e5810@paytm,84,Carpenter,OA92ef1454
939,6228453595,Jacintha,Pardue,3.0,Female,t5210@paytm,88,Doe Crossing,SP62re6484
940,4207037571,Kelvin,Reader,4.5,Male,Z5010@paytm,23,Boyd,MI82qf7404
941,1751485704,Shermy,Blance,1.3,Male,x5910@paytm,48,Golf Course,VW12da2424
942,4042939762,Luise,Goodrum,1.8,Female,D5410@paytm,89,Donald,SO12ua6464
943,3567659331,Peggi,Giottini,4.8,Female,B5010@paytm,79,Bunker Hill,WX92co8464
944,6738978362,Mathias,Swabey,3.4,Male,U5610@paytm,31,Parkside,HE32wz0404
945,9299867431,Rheba,Blenkin,2.1,Female,v5510@paytm,79,Springview,NP52wc9454
946,1822608910,Walther,Sebley,2.4,Male,K5410@paytm,78,Talisman,PC62lg1464
947,8626835101,Genny,Honnan,3.3,Female,r5610@paytm,58,Magdeline,AM22qf2444
948,4038175897,Rufe,Mascall,2.7,Male,j5610@paytm,80,Lyons,OI42mg1454
949,4084780610,Hestia,Dellenbroker,1.7,Female,O5610@paytm,50,Westend,ZL72im1464
950,1551546968,Joshuah,Vurley,2.1,Male,p5010@paytm,90,Jenna,RK12xz7434
951,3541758584,Keane,Goodacre,4.8,Male,l5610@paytm,79,Briar Crest,OE92qw0414
952,5299970461,Lottie,Buckney,3.8,Female,h5610@paytm,29,Colorado,AD52jf6404
953,1668637391,Symon,Pittendreigh,3.9,Male,F5010@paytm,50,Calypso,QM02vd7444
954,3893513536,Rand,Olander,3.5,Male,M5910@paytm,47,Moulton,FE52ax6484
955,8217114101,Alicea,Kitchaside,4.2,Female,q5410@paytm,49,Sycamore,KJ32uq6484
956,3111258795,Barb,Spyby,4.6,Female,y5310@paytm,29,Anthes,IF72rs6484
957,3717928403,Kev,Conford,3.5,Male,X5110@paytm,88,Portage,KZ82oo6444
958,5639323193,Wiatt,Bolzmann,1.9,Male,a5510@paytm,71,Rockefeller,AB52jd4464
959,8692919347,Deonne,Kimbell,2.8,Female,A5510@paytm,76,Mariners Cove,XH12za6454
960,9195174161,Maighdiln,Paur,3.5,Female,s5010@paytm,50,Rutledge,ID62vk9434
961,8215081442,Francyne,Luter,4.4,Female,n5610@paytm,56,International,SV72ks7434
962,1939645188,Elysha,Carrack,1.8,Female,D5310@paytm,89,Clarendon,ZL62vn9454
963,2483642129,Sofia,McNeilly,4.1,Female,a5810@paytm,67,Manufacturers,XI52jt2454
964,9089820679,Reina,Welford,4.2,Female,c5110@paytm,61,Bunting,HB62bn5494
965,7797041532,Sena,Petrowsky,3.4,Female,i5910@paytm,90,Basil,MX72tc0494
966,6524888730,Emmalee,Cliffe,2.2,Female,k5910@paytm,48,Rockefeller,KA52td0424
967,2211222331,Michal,Kielt,4.6,Male,O5310@paytm,81,Kedzie,AG52iy4424
968,7704071772,Stormy,Cargenven,4.7,Female,v5710@paytm,69,Bonner,MQ22sz0484
969,5679231865,Sinclair,Kendrew,2.2,Male,X5010@paytm,25,Steensland,YN02ng8484
970,7792873622,Abbie,Folca,4.5,Male,T5110@paytm,36,American,HR02mn9414
971,5804079515,Hort,Gertray,2.6,Male,u5510@paytm,36,Mockingbird,KU62qd1434
972,3168209615,Reine,Tejada,1.0,Female,p5310@paytm,61,Dennis,AL92tt3444
973,6306514597,Theda,Huckerby,4.7,Female,b5810@paytm,31,Division,UH02nb9434
974,8099706906,Garnet,Wasson,2.9,Female,J5410@paytm,73,Briar Crest,WH12oz5434
975,8141609786,Harmonia,Chuter,4.6,Female,Q5710@paytm,25,David,UL02tg4404
976,5323647208,Anthe,Heggison,4.7,Female,e5110@paytm,67,Debs,WI82ai9494
977,6475754407,Roxi,Blackman,4.3,Female,k5710@paytm,83,Texas,LF22ij2484
978,1071773434,Waverly,Kornyakov,1.2,Male,h5010@paytm,38,Melody,EJ32qu6404
979,2243104559,Averil,Shambrook,4.4,Female,G5410@paytm,47,Golden Leaf,EQ52md3404
980,8639582322,Theadora,Ivatts,1.0,Female,m5810@paytm,85,Pond,LC62ia7434
981,8902007992,Nicolais,Heiss,3.2,Male,A5310@paytm,86,Mallard,BA32tz3454
982,6883403604,Artair,Stiegers,2.3,Male,g5410@paytm,57,Caliangt,OX92xw2404
983,7326988095,Bogey,Demaid,4.0,Male,Z5610@paytm,20,School,HW72hb3404
984,2043860627,Loralee,Bruck,3.6,Female,z5210@paytm,66,Nelson,UE72ip6434
985,5929303722,Raynell,Hesser,2.4,Female,G5910@paytm,19,Reinke,VP22nq9454
986,3251030736,Ode,Baszniak,4.4,Male,e5810@paytm,65,Hallows,ES02qs8424
987,9824857692,Ethelin,Digg,3.8,Female,o5410@paytm,80,Schlimgen,QB72db1464
988,3624998111,Pren,Ellison,3.5,Male,A5210@paytm,83,Ryan,AI32zh3424
989,5895087519,Kirsteni,Kirstein,4.3,Female,w5710@paytm,38,Buhler,YH92ng0474
990,5992793511,Hayes,Urvoy,3.3,Male,r5610@paytm,83,Macpherson,ZU02bw1414
991,5196123102,Sanford,Laurence,1.5,Male,e5610@paytm,57,Bartillon,KI12rv2494
992,2969570062,Janis,Dunthorne,2.0,Female,o5710@paytm,44,Lake View,GU92rm1444
993,1802710135,Rutger,Millership,1.7,Male,X5010@paytm,48,Elmside,EU72tt5454
994,9268576339,Demetra,Shervington,2.8,Female,o5010@paytm,45,Haas,TL92ni9414
995,4697179703,Irvine,Upstone,4.4,Male,W5410@paytm,40,Arrowood,RJ62mw5494
996,8679071457,Anna-diane,Worsley,2.4,Female,Y5310@paytm,50,Weeping Birch,YU02qn7434
997,9046366475,Deeyn,Ikins,1.3,Female,t5710@paytm,70,Sachs,PN92yv2404
998,8657756499,Deane,Lippingwell,2.0,Male,r5710@paytm,60,Milwaukee,AL92jj1404
999,2019054871,Rachael,Crayke,1.7,Female,j5710@paytm,39,Sutherland,GY32tj7464
1000,1474529728,Lurlene,Bloan,4.0,Female,T5410@paytm,45,Corben,DE52hx6454
